 Image trinitycore:local Building 
#1 [internal] load local bake definitions
#1 reading from stdin 597B done
#1 DONE 0.0s

#2 [internal] load build definition from Dockerfile
#2 transferring dockerfile: 2.07kB 0.0s done
#2 DONE 0.1s

#3 [internal] load metadata for docker.io/library/ubuntu:22.04
#3 DONE 1.6s

#4 [internal] load .dockerignore
#4 transferring context: 80B done
#4 DONE 0.0s

#5 [internal] load build context
#5 DONE 0.0s

#6 [builder 1/5] FROM docker.io/library/ubuntu:22.04@sha256:eb29ed27b0821dca09c2e28b39135e185fc1302036427d5f4d70a41ce8fd7659
#6 resolve docker.io/library/ubuntu:22.04@sha256:eb29ed27b0821dca09c2e28b39135e185fc1302036427d5f4d70a41ce8fd7659 0.1s done
#6 DONE 0.1s

#5 [internal] load build context
#5 transferring context: 1.82MB 1.4s done
#5 DONE 1.7s

#7 [builder 2/5] RUN apt-get update && apt-get install -y     cmake     make     g++-11     gcc-11     git     ccache     libboost-all-dev     libmysqlclient-dev     libssl-dev     libreadline-dev     zlib1g-dev     libbz2-dev     libncurses-dev   && update-alternatives --install /usr/bin/gcc gcc /usr/bin/gcc-11 100                           --slave   /usr/bin/g++ g++ /usr/bin/g++-11   && rm -rf /var/lib/apt/lists/*
#7 CACHED

#8 [builder 3/5] WORKDIR /src
#8 CACHED

#9 [builder 4/5] COPY . .
#9 DONE 81.7s

#10 [builder 5/5] RUN --mount=type=cache,target=/ccache     mkdir -p build && cd build &&     cmake ../       -DWITH_WARNINGS=0       -DWITH_COREDEBUG=0       -DUSE_COREPCH=1       -DUSE_SCRIPTPCH=1       -DTOOLS=1       -DSCRIPTS=static       -DSERVERS=1       -DNOJEM=0       -DCMAKE_BUILD_TYPE=RelWithDebInfo       -DCMAKE_INSTALL_PREFIX=/trinity       -DBUILD_TESTING=0       -DCMAKE_CXX_COMPILER_LAUNCHER=ccache       -DCMAKE_C_COMPILER_LAUNCHER=ccache   && make -j"$(nproc)"   && make install
#10 0.997 -- The C compiler identification is GNU 11.4.0
#10 1.156 -- The CXX compiler identification is GNU 11.4.0
#10 1.169 -- Detecting C compiler ABI info
#10 1.285 -- Detecting C compiler ABI info - done
#10 1.322 -- Check for working C compiler: /usr/bin/cc - skipped
#10 1.322 -- Detecting C compile features
#10 1.324 -- Detecting C compile features - done
#10 1.329 -- Detecting CXX compiler ABI info
#10 1.455 -- Detecting CXX compiler ABI info - done
#10 1.467 -- Check for working CXX compiler: /usr/bin/g++ - skipped
#10 1.468 -- Detecting CXX compile features
#10 1.469 -- Detecting CXX compile features - done
#10 1.475 -- Detected 64-bit platform
#10 1.476 -- UNIX: Using default configuration directory
#10 1.477 -- UNIX: Configuring uninstall target
#10 1.477 -- UNIX: Created uninstall target
#10 1.477 -- UNIX: Detected compiler: /usr/bin/cc
#10 1.478 -- GCC: Minimum version required is 10.0.0, found 11.4.0 - ok!
#10 1.478 -- GCC: SFMT enabled, SSE2 flags forced
#10 1.480 -- Using mysql-config: /usr/bin/mysql_config
#10 1.507 -- Found MySQL:    
#10 1.524 -- Found Git: /usr/bin/git (found suitable version "2.34.1", minimum required is "1.7") 
#10 1.524 -- Using mysql-config: /usr/bin/mysql_config
#10 1.542 -- Found MySQL:    missing components: binary
#10 1.646 
#10 1.646 * TrinityCore revision   : d41335628098+ 2026-04-13 08:22:43 +0200 (acore-compat branch)
#10 1.646 * TrinityCore buildtype  : RelWithDebInfo
#10 1.646 
#10 1.646 * Install core to        : /trinity
#10 1.646 
#10 1.646 * Build world/auth       : Yes (default)
#10 1.646 * Build with scripts     : Yes (static)
#10 1.646 * Build map/vmap tools   : Yes (default)
#10 1.646 * Build unit tests       : No (default)
#10 1.646 * Unity build enabled    : No (default)
#10 1.646 * Build core w/PCH       : Yes (default)
#10 1.646 * Build scripts w/PCH    : Yes (default)
#10 1.646 * Show compile-warnings  : No  (default)
#10 1.646 * Use coreside debug     : No  (default)
#10 1.646 * Show source tree       : Yes (hierarchical)
#10 1.646 * Use GIT revision hash  : Yes (default)
#10 1.646 
#10 1.664 -- Looking for pthread.h
#10 1.781 -- Looking for pthread.h - found
#10 1.781 -- Performing Test CMAKE_HAVE_LIBC_PTHREAD
#10 1.899 -- Performing Test CMAKE_HAVE_LIBC_PTHREAD - Success
#10 1.900 -- Found Threads: TRUE  
#10 1.939 -- Found ZLIB: /usr/lib/x86_64-linux-gnu/libz.so (found version "1.2.11") 
#10 1.943 -- Found BZip2: /usr/lib/x86_64-linux-gnu/libbz2.so (found version "1.0.8") 
#10 1.945 -- Looking for BZ2_bzCompressInit
#10 2.083 -- Looking for BZ2_bzCompressInit - found
#10 2.088 -- Looking for strtod_l
#10 2.145 -- Looking for strtod_l - not found
#10 2.160 -- Found OpenSSL: /usr/lib/x86_64-linux-gnu/libcrypto.so (found suitable version "3.0.2", minimum required is "1.1") found components: Crypto SSL 
#10 2.378 -- Performing Test JEMALLOC_USABLE_SIZE_CONST
#10 2.430 -- Performing Test JEMALLOC_USABLE_SIZE_CONST - Failed
#10 2.436 -- Looking for memalign
#10 2.548 -- Looking for memalign - found
#10 2.548 -- Looking for valloc
#10 2.651 -- Looking for valloc - found
#10 2.652 -- Looking for malloc_size
#10 2.690 -- Looking for malloc_size - not found
#10 2.691 -- Looking for __libc_calloc
#10 2.824 -- Looking for __libc_calloc - found
#10 2.825 -- Looking for __libc_free
#10 2.946 -- Looking for __libc_free - found
#10 2.946 -- Looking for __libc_malloc
#10 3.106 -- Looking for __libc_malloc - found
#10 3.110 -- Looking for __libc_memalign
#10 3.240 -- Looking for __libc_memalign - found
#10 3.240 -- Looking for __libc_realloc
#10 3.398 -- Looking for __libc_realloc - found
#10 3.404 -- Looking for __libc_valloc
#10 3.511 -- Looking for __libc_valloc - found
#10 3.511 -- Looking for __posix_memalign
#10 3.605 -- Looking for __posix_memalign - not found
#10 3.606 -- Looking for pthread_atfork
#10 3.713 -- Looking for pthread_atfork - found
#10 3.715 -- Looking for pthread_setname_np
#10 3.856 -- Looking for pthread_setname_np - found
#10 3.857 -- Looking for pthread_getname_np
#10 3.949 -- Looking for pthread_getname_np - found
#10 3.950 -- Looking for pthread_get_name_np
#10 3.990 -- Looking for pthread_get_name_np - not found
#10 3.990 -- Performing Test JEMALLOC_HAVE_PTHREAD_MUTEX_ADAPTIVE_NP
#10 4.165 -- Performing Test JEMALLOC_HAVE_PTHREAD_MUTEX_ADAPTIVE_NP - Success
#10 4.166 -- Looking for CLOCK_MONOTONIC_COARSE
#10 4.277 -- Looking for CLOCK_MONOTONIC_COARSE - found
#10 4.278 -- Looking for CLOCK_MONOTONIC
#10 4.369 -- Looking for CLOCK_MONOTONIC - found
#10 4.370 -- Looking for CLOCK_REALTIME
#10 4.460 -- Looking for CLOCK_REALTIME - found
#10 4.460 -- Performing Test JEMALLOC_USE_SYSCALL
#10 4.555 -- Performing Test JEMALLOC_USE_SYSCALL - Success
#10 4.556 -- Looking for secure_getenv
#10 4.657 -- Looking for secure_getenv - found
#10 4.658 -- Looking for sched_getcpu
#10 4.754 -- Looking for sched_getcpu - found
#10 4.755 -- Looking for sched_setaffinity
#10 4.853 -- Looking for sched_setaffinity - found
#10 4.854 -- Looking for issetugid
#10 4.894 -- Looking for issetugid - not found
#10 4.896 -- Looking for _malloc_thread_cleanup
#10 4.964 -- Looking for _malloc_thread_cleanup - not found
#10 4.964 -- Looking for _pthread_mutex_init_calloc_cb
#10 5.007 -- Looking for _pthread_mutex_init_calloc_cb - not found
#10 5.008 -- Looking for memcntl
#10 5.045 -- Looking for memcntl - not found
#10 5.046 -- Looking for madvise
#10 5.134 -- Looking for madvise - found
#10 5.135 -- Looking for MADV_FREE
#10 5.225 -- Looking for MADV_FREE - found
#10 5.226 -- Looking for MADV_DONTNEED
#10 5.313 -- Looking for MADV_DONTNEED - found
#10 5.315 -- Looking for MADV_DONTDUMP
#10 5.415 -- Looking for MADV_DONTDUMP - found
#10 5.417 -- Looking for MADV_NOCORE
#10 5.458 -- Looking for MADV_NOCORE - not found
#10 5.459 -- Looking for mprotect
#10 5.568 -- Looking for mprotect - found
#10 5.569 -- Performing Test JEMALLOC_STRERROR_R_RETURNS_CHAR_WITH_GNU_SOURCE
#10 5.682 -- Performing Test JEMALLOC_STRERROR_R_RETURNS_CHAR_WITH_GNU_SOURCE - Success
#10 5.687 -- Found Readline library: /usr/lib/x86_64-linux-gnu/libreadline.so
#10 5.687 -- Include dir is: /usr/include
#10 5.836 
#10 5.838 * Script configuration (static):
#10 5.838     |
#10 5.838     +- worldserver
#10 5.838     |   +- Battlefield
#10 5.838     |   +- Commands
#10 5.838     |   +- Custom
#10 5.838     |   +- EasternKingdoms
#10 5.838     |   +- Events
#10 5.838     |   +- Kalimdor
#10 5.838     |   +- Maelstrom
#10 5.838     |   +- Northrend
#10 5.838     |   +- OutdoorPvP
#10 5.838     |   +- Outland
#10 5.838     |   +- Pet
#10 5.838     |   +- Spells
#10 5.838     |   +- World
#10 5.838     |
#10 6.003 
#10 6.009 -- * Modules configuration:
#10 6.009 --   |
#10 6.009 --   +- mod-junk-to-gold (static)
#10 6.009 --   |
#10 6.009 -- 
#10 6.025 -- Configuring done
#10 6.446 -- Generating done
#10 6.454 -- Build files have been written to: /src/build
#10 6.535 [  0%] Building CXX object dep/recastnavigation/Recast/CMakeFiles/Recast.dir/Source/Recast.cpp.o
#10 6.535 [  0%] Building CXX object dep/recastnavigation/Detour/CMakeFiles/Detour.dir/Source/DetourAlloc.cpp.o
#10 6.554 [  0%] Building CXX object dep/fmt/CMakeFiles/fmt.dir/src/format.cc.o
#10 6.561 [  0%] Building CXX object dep/g3dlite/CMakeFiles/g3dlib.dir/cmake_pch.hxx.gch
#10 6.561 [  0%] Building CXX object dep/recastnavigation/Detour/CMakeFiles/Detour.dir/Source/DetourAssert.cpp.o
#10 6.576 [  0%] Building CXX object dep/recastnavigation/Detour/CMakeFiles/Detour.dir/Source/DetourCommon.cpp.o
#10 6.595 [  0%] Building CXX object dep/recastnavigation/Detour/CMakeFiles/Detour.dir/Source/DetourNavMesh.cpp.o
#10 6.618 [  0%] Building CXX object dep/recastnavigation/Detour/CMakeFiles/Detour.dir/Source/DetourNavMeshBuilder.cpp.o
#10 6.637 [  0%] Building CXX object dep/recastnavigation/Detour/CMakeFiles/Detour.dir/Source/DetourNavMeshQuery.cpp.o
#10 6.644 [  0%] Building CXX object dep/recastnavigation/Recast/CMakeFiles/Recast.dir/Source/RecastAlloc.cpp.o
#10 6.647 [  0%] Building CXX object dep/fmt/CMakeFiles/fmt.dir/src/os.cc.o
#10 6.676 [  0%] Building CXX object dep/recastnavigation/Recast/CMakeFiles/Recast.dir/Source/RecastAssert.cpp.o
#10 6.686 [  0%] Building CXX object dep/recastnavigation/Recast/CMakeFiles/Recast.dir/Source/RecastArea.cpp.o
#10 6.709 [  0%] Building CXX object dep/recastnavigation/Detour/CMakeFiles/Detour.dir/Source/DetourNode.cpp.o
#10 6.735 [  0%] Building CXX object dep/recastnavigation/Recast/CMakeFiles/Recast.dir/Source/RecastContour.cpp.o
#10 6.742 [  0%] Linking CXX static library libfmt.a
#10 6.743 [  0%] Linking CXX static library libDetour.a
#10 6.777 [  0%] Building CXX object dep/recastnavigation/Recast/CMakeFiles/Recast.dir/Source/RecastFilter.cpp.o
#10 6.840 [  0%] Building CXX object dep/recastnavigation/Recast/CMakeFiles/Recast.dir/Source/RecastLayers.cpp.o
#10 6.865 [  0%] Built target Detour
#10 6.878 [  1%] Building CXX object dep/recastnavigation/Recast/CMakeFiles/Recast.dir/Source/RecastMesh.cpp.o
#10 6.883 [  1%] Built target fmt
#10 6.924 [  1%] Building C object dep/jemalloc/CMakeFiles/jemalloc.dir/src/jemalloc.c.o
#10 6.998 [  1%] Building C object dep/jemalloc/CMakeFiles/jemalloc.dir/src/arena.c.o
#10 7.016 [  1%] Building CXX object dep/recastnavigation/Recast/CMakeFiles/Recast.dir/Source/RecastMeshDetail.cpp.o
#10 7.044 [  1%] Building CXX object dep/recastnavigation/Recast/CMakeFiles/Recast.dir/Source/RecastRasterization.cpp.o
#10 7.062 [  1%] Building C object dep/jemalloc/CMakeFiles/jemalloc.dir/src/background_thread.c.o
#10 7.066 [  1%] Building CXX object dep/recastnavigation/Recast/CMakeFiles/Recast.dir/Source/RecastRegion.cpp.o
#10 7.089 [  1%] Building CXX object dep/gsoap/CMakeFiles/gsoap.dir/soapC.cpp.o
#10 7.138 [  2%] Building C object dep/jemalloc/CMakeFiles/jemalloc.dir/src/base.c.o
#10 7.196 [  2%] Linking CXX static library libRecast.a
#10 7.213 [  2%] Building CXX object dep/gsoap/CMakeFiles/gsoap.dir/soapServer.cpp.o
#10 7.222 [  2%] Building C object dep/jemalloc/CMakeFiles/jemalloc.dir/src/bin.c.o
#10 7.257 [  2%] Building C object dep/jemalloc/CMakeFiles/jemalloc.dir/src/bin_info.c.o
#10 7.266 [  2%] Building CXX object dep/gsoap/CMakeFiles/gsoap.dir/stdsoap2.cpp.o
#10 7.276 [  2%] Building C object dep/jemalloc/CMakeFiles/jemalloc.dir/src/bitmap.c.o
#10 7.304 [  2%] Building C object dep/jemalloc/CMakeFiles/jemalloc.dir/src/buf_writer.c.o
#10 7.332 [  2%] Built target Recast
#10 7.344 [  2%] Linking CXX static library libgsoap.a
#10 7.359 [  2%] Building C object dep/jemalloc/CMakeFiles/jemalloc.dir/src/cache_bin.c.o
#10 7.362 [  2%] Building C object dep/argon2/CMakeFiles/argon2.dir/argon2/argon2.c.o
#10 7.380 [  2%] Building C object dep/argon2/CMakeFiles/argon2.dir/argon2/blake2/blake2b.c.o
#10 7.385 [  2%] Building C object dep/jemalloc/CMakeFiles/jemalloc.dir/src/ckh.c.o
#10 7.399 [  2%] Built target gsoap
#10 7.414 [  2%] Building C object dep/argon2/CMakeFiles/argon2.dir/argon2/core.c.o
#10 7.420 [  2%] Building C object dep/jemalloc/CMakeFiles/jemalloc.dir/src/counter.c.o
#10 7.441 [  2%] Building C object dep/argon2/CMakeFiles/argon2.dir/argon2/encoding.c.o
#10 7.445 [  2%] Building C object dep/argon2/CMakeFiles/argon2.dir/argon2/opt.c.o
#10 7.446 [  2%] Building C object dep/jemalloc/CMakeFiles/jemalloc.dir/src/ctl.c.o
#10 7.467 [  2%] Building C object dep/argon2/CMakeFiles/argon2.dir/argon2/thread.c.o
#10 7.479 [  2%] Building C object dep/jemalloc/CMakeFiles/jemalloc.dir/src/decay.c.o
#10 7.483 [  2%] Linking CXX static library libargon2.a
#10 7.499 [  2%] Building C object dep/jemalloc/CMakeFiles/jemalloc.dir/src/div.c.o
#10 7.506 [  2%] Building CXX object dep/StormLib/CMakeFiles/storm.dir/src/adpcm/adpcm.cpp.o
#10 7.521 [  2%] Building C object dep/jemalloc/CMakeFiles/jemalloc.dir/src/ecache.c.o
#10 7.530 [  2%] Building CXX object dep/StormLib/CMakeFiles/storm.dir/src/huffman/huff.cpp.o
#10 7.556 [  2%] Built target argon2
#10 7.566 [  2%] Building C object dep/jemalloc/CMakeFiles/jemalloc.dir/src/edata_cache.c.o
#10 7.570 [  2%] Building C object dep/jemalloc/CMakeFiles/jemalloc.dir/src/edata.c.o
#10 7.571 [  2%] Building C object dep/StormLib/CMakeFiles/storm.dir/src/jenkins/lookup3.c.o
#10 7.597 [  2%] Building C object dep/StormLib/CMakeFiles/storm.dir/src/lzma/C/LzFind.c.o
#10 7.599 [  2%] Building C object dep/jemalloc/CMakeFiles/jemalloc.dir/src/ehooks.c.o
#10 7.653 [  3%] Building C object dep/jemalloc/CMakeFiles/jemalloc.dir/src/emap.c.o
#10 7.662 [  3%] Building C object dep/StormLib/CMakeFiles/storm.dir/src/lzma/C/LzmaDec.c.o
#10 7.685 [  3%] Building C object dep/StormLib/CMakeFiles/storm.dir/src/lzma/C/LzmaEnc.c.o
#10 7.703 [  3%] Building C object dep/jemalloc/CMakeFiles/jemalloc.dir/src/eset.c.o
#10 7.706 [  3%] Built target revision_data.h
#10 7.716 [  3%] Building C object dep/jemalloc/CMakeFiles/jemalloc.dir/src/exp_grow.c.o
#10 7.730 [  3%] Building C object dep/StormLib/CMakeFiles/storm.dir/src/pklib/explode.c.o
#10 7.755 [  3%] Building C object dep/jemalloc/CMakeFiles/jemalloc.dir/src/extent.c.o
#10 7.773 [  3%] Building C object dep/jemalloc/CMakeFiles/jemalloc.dir/src/extent_dss.c.o
#10 7.777 [  3%] Building C object dep/StormLib/CMakeFiles/storm.dir/src/pklib/implode.c.o
#10 7.790 [  3%] Building C object dep/jemalloc/CMakeFiles/jemalloc.dir/src/extent_mmap.c.o
#10 7.820 [  3%] Building C object dep/jemalloc/CMakeFiles/jemalloc.dir/src/fxp.c.o
#10 7.822 [  3%] Building CXX object dep/StormLib/CMakeFiles/storm.dir/src/sparse/sparse.cpp.o
#10 7.838 [  3%] Building CXX object dep/StormLib/CMakeFiles/storm.dir/src/FileStream.cpp.o
#10 7.846 [  3%] Building C object dep/jemalloc/CMakeFiles/jemalloc.dir/src/san.c.o
#10 7.852 [  3%] Building CXX object dep/StormLib/CMakeFiles/storm.dir/src/SBaseCommon.cpp.o
#10 7.866 [  3%] Building C object dep/jemalloc/CMakeFiles/jemalloc.dir/src/san_bump.c.o
#10 7.875 [  3%] Building C object dep/jemalloc/CMakeFiles/jemalloc.dir/src/hook.c.o
#10 7.896 [  4%] Building CXX object dep/StormLib/CMakeFiles/storm.dir/src/SCompression.cpp.o
#10 7.896 [  4%] Building CXX object dep/StormLib/CMakeFiles/storm.dir/src/SBaseFileTable.cpp.o
#10 7.927 [  4%] Building C object dep/jemalloc/CMakeFiles/jemalloc.dir/src/hpa_hooks.c.o
#10 7.934 [  4%] Building CXX object dep/StormLib/CMakeFiles/storm.dir/src/SFileAddFile.cpp.o
#10 7.952 [  4%] Building CXX object dep/StormLib/CMakeFiles/storm.dir/src/SFileAttributes.cpp.o
#10 7.974 [  4%] Building CXX object dep/StormLib/CMakeFiles/storm.dir/src/SFileCompactArchive.cpp.o
#10 7.988 [  4%] Building C object dep/jemalloc/CMakeFiles/jemalloc.dir/src/hpa.c.o
#10 7.995 [  4%] Building CXX object dep/StormLib/CMakeFiles/storm.dir/src/SFileCreateArchive.cpp.o
#10 8.014 [  4%] Building CXX object dep/StormLib/CMakeFiles/storm.dir/src/SFileExtractFile.cpp.o
#10 8.014 [  4%] Building C object dep/jemalloc/CMakeFiles/jemalloc.dir/src/hpdata.c.o
#10 8.028 [  4%] Building C object dep/jemalloc/CMakeFiles/jemalloc.dir/src/inspect.c.o
#10 8.052 [  4%] Building CXX object dep/StormLib/CMakeFiles/storm.dir/src/SFileFindFile.cpp.o
#10 8.058 [  4%] Building CXX object dep/StormLib/CMakeFiles/storm.dir/src/SFileListFile.cpp.o
#10 8.073 [  4%] Building C object dep/jemalloc/CMakeFiles/jemalloc.dir/src/large.c.o
#10 8.080 [  5%] Building C object dep/jemalloc/CMakeFiles/jemalloc.dir/src/log.c.o
#10 8.092 [  5%] Building CXX object dep/StormLib/CMakeFiles/storm.dir/src/SFileOpenArchive.cpp.o
#10 8.100 [  5%] Building C object dep/jemalloc/CMakeFiles/jemalloc.dir/src/malloc_io.c.o
#10 8.118 [  5%] Building CXX object dep/StormLib/CMakeFiles/storm.dir/src/SFileOpenFileEx.cpp.o
#10 8.131 [  5%] Building CXX object dep/StormLib/CMakeFiles/storm.dir/src/SFilePatchArchives.cpp.o
#10 8.140 [  5%] Building C object dep/jemalloc/CMakeFiles/jemalloc.dir/src/mutex.c.o
#10 8.152 [  5%] Building C object dep/jemalloc/CMakeFiles/jemalloc.dir/src/nstime.c.o
#10 8.161 [  5%] Building CXX object dep/StormLib/CMakeFiles/storm.dir/src/SFileReadFile.cpp.o
#10 8.181 [  5%] Building C object dep/jemalloc/CMakeFiles/jemalloc.dir/src/pa.c.o
#10 8.188 [  5%] Building CXX object dep/StormLib/CMakeFiles/storm.dir/src/SFileVerify.cpp.o
#10 8.195 [  5%] Building C object dep/StormLib/CMakeFiles/storm.dir/src/libtomcrypt/src/hashes/hash_memory.c.o
#10 8.206 [  5%] Building C object dep/jemalloc/CMakeFiles/jemalloc.dir/src/pa_extra.c.o
#10 8.231 [  6%] Building C object dep/StormLib/CMakeFiles/storm.dir/src/libtomcrypt/src/hashes/md5.c.o
#10 8.249 [  6%] Building C object dep/StormLib/CMakeFiles/storm.dir/src/libtomcrypt/src/hashes/sha1.c.o
#10 8.257 [  6%] Building C object dep/jemalloc/CMakeFiles/jemalloc.dir/src/pai.c.o
#10 8.279 [  6%] Building C object dep/jemalloc/CMakeFiles/jemalloc.dir/src/pac.c.o
#10 8.322 [  6%] Building C object dep/StormLib/CMakeFiles/storm.dir/src/libtomcrypt/src/math/multi.c.o
#10 8.326 [  6%] Building C object dep/StormLib/CMakeFiles/storm.dir/src/libtomcrypt/src/math/ltm_desc.c.o
#10 8.328 [  6%] Building C object dep/jemalloc/CMakeFiles/jemalloc.dir/src/pages.c.o
#10 8.362 [  6%] Building C object dep/StormLib/CMakeFiles/storm.dir/src/libtomcrypt/src/misc/base64_decode.c.o
#10 8.366 [  6%] Building C object dep/jemalloc/CMakeFiles/jemalloc.dir/src/peak_event.c.o
#10 8.392 [  6%] Building C object dep/StormLib/CMakeFiles/storm.dir/src/libtomcrypt/src/math/rand_prime.c.o
#10 8.398 [  6%] Building C object dep/StormLib/CMakeFiles/storm.dir/src/libtomcrypt/src/misc/crypt_argchk.c.o
#10 8.411 [  6%] Building C object dep/jemalloc/CMakeFiles/jemalloc.dir/src/prof.c.o
#10 8.422 [  6%] Building C object dep/jemalloc/CMakeFiles/jemalloc.dir/src/prof_data.c.o
#10 8.431 [  6%] Building C object dep/StormLib/CMakeFiles/storm.dir/src/libtomcrypt/src/misc/crypt_find_hash.c.o
#10 8.461 [  6%] Building C object dep/jemalloc/CMakeFiles/jemalloc.dir/src/prof_log.c.o
#10 8.462 [  6%] Building C object dep/StormLib/CMakeFiles/storm.dir/src/libtomcrypt/src/misc/crypt_find_prng.c.o
#10 8.470 [  6%] Building C object dep/jemalloc/CMakeFiles/jemalloc.dir/src/prof_recent.c.o
#10 8.494 [  6%] Building C object dep/StormLib/CMakeFiles/storm.dir/src/libtomcrypt/src/misc/crypt_hash_descriptor.c.o
#10 8.513 [  6%] Building C object dep/StormLib/CMakeFiles/storm.dir/src/libtomcrypt/src/misc/crypt_hash_is_valid.c.o
#10 8.516 [  6%] Building C object dep/jemalloc/CMakeFiles/jemalloc.dir/src/prof_stats.c.o
#10 8.524 [  6%] Building C object dep/StormLib/CMakeFiles/storm.dir/src/libtomcrypt/src/misc/crypt_libc.c.o
#10 8.580 [  6%] Building C object dep/StormLib/CMakeFiles/storm.dir/src/libtomcrypt/src/misc/crypt_prng_descriptor.c.o
#10 8.588 [  6%] Building C object dep/StormLib/CMakeFiles/storm.dir/src/libtomcrypt/src/misc/crypt_ltc_mp_descriptor.c.o
#10 8.588 [  7%] Building C object dep/jemalloc/CMakeFiles/jemalloc.dir/src/prof_sys.c.o
#10 8.614 [  7%] Building C object dep/StormLib/CMakeFiles/storm.dir/src/libtomcrypt/src/misc/crypt_prng_is_valid.c.o
#10 8.633 [  8%] Building C object dep/StormLib/CMakeFiles/storm.dir/src/libtomcrypt/src/misc/crypt_register_hash.c.o
#10 8.672 [  8%] Building C object dep/StormLib/CMakeFiles/storm.dir/src/libtomcrypt/src/misc/crypt_register_prng.c.o
#10 8.685 [  8%] Building C object dep/jemalloc/CMakeFiles/jemalloc.dir/src/psset.c.o
#10 8.689 [  8%] Building C object dep/StormLib/CMakeFiles/storm.dir/src/libtomcrypt/src/misc/zeromem.c.o
#10 8.730 [  8%] Building C object dep/jemalloc/CMakeFiles/jemalloc.dir/src/rtree.c.o
#10 8.749 [  8%] Building C object dep/StormLib/CMakeFiles/storm.dir/src/libtomcrypt/src/pk/asn1/der_decode_bit_string.c.o
#10 8.765 [  8%] Building C object dep/jemalloc/CMakeFiles/jemalloc.dir/src/safety_check.c.o
#10 8.790 [  8%] Building C object dep/jemalloc/CMakeFiles/jemalloc.dir/src/sc.c.o
#10 8.803 [  8%] Building C object dep/jemalloc/CMakeFiles/jemalloc.dir/src/sec.c.o
#10 8.830 [  8%] Building C object dep/StormLib/CMakeFiles/storm.dir/src/libtomcrypt/src/pk/asn1/der_decode_boolean.c.o
#10 8.841 [  8%] Building C object dep/jemalloc/CMakeFiles/jemalloc.dir/src/stats.c.o
#10 8.848 [  8%] Building C object dep/jemalloc/CMakeFiles/jemalloc.dir/src/sz.c.o
#10 8.890 [  8%] Building C object dep/jemalloc/CMakeFiles/jemalloc.dir/src/test_hooks.c.o
#10 8.895 [  8%] Building C object dep/StormLib/CMakeFiles/storm.dir/src/libtomcrypt/src/pk/asn1/der_decode_choice.c.o
#10 8.905 [  8%] Building C object dep/jemalloc/CMakeFiles/jemalloc.dir/src/tcache.c.o
#10 8.910 [  8%] Building C object dep/StormLib/CMakeFiles/storm.dir/src/libtomcrypt/src/pk/asn1/der_decode_ia5_string.c.o
#10 8.946 [  8%] Building C object dep/jemalloc/CMakeFiles/jemalloc.dir/src/thread_event.c.o
#10 8.948 [  8%] Building C object dep/jemalloc/CMakeFiles/jemalloc.dir/src/ticker.c.o
#10 8.957 [  8%] Building C object dep/StormLib/CMakeFiles/storm.dir/src/libtomcrypt/src/pk/asn1/der_decode_integer.c.o
#10 9.004 [  8%] Building C object dep/StormLib/CMakeFiles/storm.dir/src/libtomcrypt/src/pk/asn1/der_decode_octet_string.c.o
#10 9.018 [  8%] Building C object dep/StormLib/CMakeFiles/storm.dir/src/libtomcrypt/src/pk/asn1/der_decode_object_identifier.c.o
#10 9.020 [  8%] Building C object dep/jemalloc/CMakeFiles/jemalloc.dir/src/tsd.c.o
#10 9.031 [  8%] Building C object dep/StormLib/CMakeFiles/storm.dir/src/libtomcrypt/src/pk/asn1/der_decode_printable_string.c.o
#10 9.063 [  8%] Building C object dep/StormLib/CMakeFiles/storm.dir/src/libtomcrypt/src/pk/asn1/der_decode_sequence_ex.c.o
#10 9.072 [  8%] Building C object dep/jemalloc/CMakeFiles/jemalloc.dir/src/witness.c.o
#10 9.074 [  8%] Building C object dep/StormLib/CMakeFiles/storm.dir/src/libtomcrypt/src/pk/asn1/der_decode_sequence_flexi.c.o
#10 9.105 [  8%] Building C object dep/StormLib/CMakeFiles/storm.dir/src/libtomcrypt/src/pk/asn1/der_decode_sequence_multi.c.o
#10 9.106 [  8%] Building CXX object dep/jemalloc/CMakeFiles/jemalloc.dir/src/jemalloc_cpp.cpp.o
#10 9.133 [  8%] Building C object dep/StormLib/CMakeFiles/storm.dir/src/libtomcrypt/src/pk/asn1/der_decode_short_integer.c.o
#10 9.167 [  8%] Building C object dep/StormLib/CMakeFiles/storm.dir/src/libtomcrypt/src/pk/asn1/der_decode_utf8_string.c.o
#10 9.168 [  9%] Linking CXX static library libjemalloc.a
#10 9.202 [  9%] Building C object dep/StormLib/CMakeFiles/storm.dir/src/libtomcrypt/src/pk/asn1/der_length_bit_string.c.o
#10 9.209 [ 10%] Building C object dep/StormLib/CMakeFiles/storm.dir/src/libtomcrypt/src/pk/asn1/der_decode_utctime.c.o
#10 9.236 [ 10%] Building C object dep/StormLib/CMakeFiles/storm.dir/src/libtomcrypt/src/pk/asn1/der_length_boolean.c.o
#10 9.256 [ 10%] Building C object dep/StormLib/CMakeFiles/storm.dir/src/libtomcrypt/src/pk/asn1/der_length_ia5_string.c.o
#10 9.295 [ 10%] Building C object dep/StormLib/CMakeFiles/storm.dir/src/libtomcrypt/src/pk/asn1/der_length_integer.c.o
#10 9.309 [ 10%] Building C object dep/StormLib/CMakeFiles/storm.dir/src/libtomcrypt/src/pk/asn1/der_length_object_identifier.c.o
#10 9.335 [ 10%] Building C object dep/StormLib/CMakeFiles/storm.dir/src/libtomcrypt/src/pk/asn1/der_length_octet_string.c.o
#10 9.346 [ 10%] Building C object dep/StormLib/CMakeFiles/storm.dir/src/libtomcrypt/src/pk/asn1/der_length_printable_string.c.o
#10 9.462 [ 10%] Building C object dep/StormLib/CMakeFiles/storm.dir/src/libtomcrypt/src/pk/asn1/der_length_sequence.c.o
#10 9.465 [ 10%] Building C object dep/StormLib/CMakeFiles/storm.dir/src/libtomcrypt/src/pk/asn1/der_length_utctime.c.o
#10 9.644 [ 10%] Built target jemalloc
#10 9.657 [ 10%] Building C object dep/StormLib/CMakeFiles/storm.dir/src/libtomcrypt/src/pk/asn1/der_sequence_free.c.o
#10 9.734 [ 10%] Building C object dep/StormLib/CMakeFiles/storm.dir/src/libtomcrypt/src/pk/asn1/der_length_utf8_string.c.o
#10 9.754 [ 10%] Building C object dep/StormLib/CMakeFiles/storm.dir/src/libtomcrypt/src/pk/ecc/ltc_ecc_map.c.o
#10 9.771 [ 10%] Building C object dep/StormLib/CMakeFiles/storm.dir/src/libtomcrypt/src/pk/ecc/ltc_ecc_mulmod.c.o
#10 9.787 [ 10%] Building C object dep/StormLib/CMakeFiles/storm.dir/src/libtomcrypt/src/pk/ecc/ltc_ecc_points.c.o
#10 9.803 [ 10%] Building C object dep/StormLib/CMakeFiles/storm.dir/src/libtomcrypt/src/pk/ecc/ltc_ecc_projective_add_point.c.o
#10 9.804 [ 11%] Building C object dep/StormLib/CMakeFiles/storm.dir/src/libtomcrypt/src/pk/ecc/ltc_ecc_mul2add.c.o
#10 9.825 [ 11%] Building C object dep/StormLib/CMakeFiles/storm.dir/src/libtomcrypt/src/pk/asn1/der_length_short_integer.c.o
#10 9.830 [ 11%] Building C object dep/StormLib/CMakeFiles/storm.dir/src/libtomcrypt/src/pk/pkcs1/pkcs_1_mgf1.c.o
#10 9.831 [ 11%] Building C object dep/StormLib/CMakeFiles/storm.dir/src/libtomcrypt/src/pk/ecc/ltc_ecc_projective_dbl_point.c.o
#10 9.865 [ 11%] Building C object dep/StormLib/CMakeFiles/storm.dir/src/libtomcrypt/src/pk/pkcs1/pkcs_1_oaep_decode.c.o
#10 9.872 [ 11%] Building C object dep/StormLib/CMakeFiles/storm.dir/src/libtomcrypt/src/pk/pkcs1/pkcs_1_pss_decode.c.o
#10 9.875 [ 11%] Building C object dep/StormLib/CMakeFiles/storm.dir/src/libtomcrypt/src/pk/pkcs1/pkcs_1_v1_5_decode.c.o
#10 9.897 [ 11%] Building C object dep/StormLib/CMakeFiles/storm.dir/src/libtomcrypt/src/pk/rsa/rsa_exptmod.c.o
#10 9.918 [ 11%] Building C object dep/StormLib/CMakeFiles/storm.dir/src/libtomcrypt/src/pk/rsa/rsa_free.c.o
#10 9.919 [ 11%] Building C object dep/StormLib/CMakeFiles/storm.dir/src/libtomcrypt/src/pk/rsa/rsa_import.c.o
#10 9.920 [ 11%] Building C object dep/StormLib/CMakeFiles/storm.dir/src/libtomcrypt/src/pk/rsa/rsa_make_key.c.o
#10 9.941 [ 11%] Building C object dep/StormLib/CMakeFiles/storm.dir/src/libtomcrypt/src/pk/rsa/rsa_verify_hash.c.o
#10 9.946 [ 11%] Building C object dep/StormLib/CMakeFiles/storm.dir/src/libtomcrypt/src/pk/rsa/rsa_verify_simple.c.o
#10 9.951 [ 12%] Building C object dep/StormLib/CMakeFiles/storm.dir/src/libtommath/bncore.c.o
#10 9.976 [ 12%] Building C object dep/StormLib/CMakeFiles/storm.dir/src/libtommath/bn_fast_mp_invmod.c.o
#10 9.986 [ 12%] Building C object dep/StormLib/CMakeFiles/storm.dir/src/libtommath/bn_fast_mp_montgomery_reduce.c.o
#10 9.995 [ 12%] Building C object dep/StormLib/CMakeFiles/storm.dir/src/libtommath/bn_fast_s_mp_mul_digs.c.o
#10 10.00 [ 12%] Building C object dep/StormLib/CMakeFiles/storm.dir/src/libtommath/bn_fast_s_mp_mul_high_digs.c.o
#10 10.02 [ 12%] Building C object dep/StormLib/CMakeFiles/storm.dir/src/libtommath/bn_mp_2expt.c.o
#10 10.03 [ 12%] Building C object dep/StormLib/CMakeFiles/storm.dir/src/libtommath/bn_mp_abs.c.o
#10 10.03 [ 12%] Building C object dep/StormLib/CMakeFiles/storm.dir/src/libtommath/bn_fast_s_mp_sqr.c.o
#10 10.05 [ 12%] Building C object dep/StormLib/CMakeFiles/storm.dir/src/libtommath/bn_mp_add.c.o
#10 10.05 [ 12%] Building C object dep/StormLib/CMakeFiles/storm.dir/src/libtommath/bn_mp_addmod.c.o
#10 10.08 [ 12%] Building C object dep/StormLib/CMakeFiles/storm.dir/src/libtommath/bn_mp_add_d.c.o
#10 10.09 [ 12%] Building C object dep/StormLib/CMakeFiles/storm.dir/src/libtommath/bn_mp_and.c.o
#10 10.09 [ 12%] Building C object dep/StormLib/CMakeFiles/storm.dir/src/libtommath/bn_mp_clamp.c.o
#10 10.11 [ 12%] Building C object dep/StormLib/CMakeFiles/storm.dir/src/libtommath/bn_mp_clear.c.o
#10 10.12 [ 12%] Building C object dep/StormLib/CMakeFiles/storm.dir/src/libtommath/bn_mp_clear_multi.c.o
#10 10.12 [ 13%] Building C object dep/StormLib/CMakeFiles/storm.dir/src/libtommath/bn_mp_cmp.c.o
#10 10.12 [ 13%] Building C object dep/StormLib/CMakeFiles/storm.dir/src/libtommath/bn_mp_cmp_d.c.o
#10 10.14 [ 13%] Building C object dep/StormLib/CMakeFiles/storm.dir/src/libtommath/bn_mp_cmp_mag.c.o
#10 10.15 [ 13%] Building C object dep/StormLib/CMakeFiles/storm.dir/src/libtommath/bn_mp_cnt_lsb.c.o
#10 10.16 [ 13%] Building C object dep/StormLib/CMakeFiles/storm.dir/src/libtommath/bn_mp_count_bits.c.o
#10 10.16 [ 13%] Building C object dep/StormLib/CMakeFiles/storm.dir/src/libtommath/bn_mp_copy.c.o
#10 10.18 [ 13%] Building C object dep/StormLib/CMakeFiles/storm.dir/src/libtommath/bn_mp_div_2.c.o
#10 10.18 [ 13%] Building C object dep/StormLib/CMakeFiles/storm.dir/src/libtommath/bn_mp_div.c.o
#10 10.22 [ 13%] Building C object dep/StormLib/CMakeFiles/storm.dir/src/libtommath/bn_mp_div_2d.c.o
#10 10.23 [ 13%] Building C object dep/StormLib/CMakeFiles/storm.dir/src/libtommath/bn_mp_div_3.c.o
#10 10.23 [ 13%] Building C object dep/StormLib/CMakeFiles/storm.dir/src/libtommath/bn_mp_div_d.c.o
#10 10.25 [ 13%] Building C object dep/StormLib/CMakeFiles/storm.dir/src/libtommath/bn_mp_dr_is_modulus.c.o
#10 10.27 [ 13%] Building C object dep/StormLib/CMakeFiles/storm.dir/src/libtommath/bn_mp_dr_reduce.c.o
#10 10.28 [ 13%] Building C object dep/StormLib/CMakeFiles/storm.dir/src/libtommath/bn_mp_dr_setup.c.o
#10 10.29 [ 13%] Building C object dep/StormLib/CMakeFiles/storm.dir/src/libtommath/bn_mp_exch.c.o
#10 10.30 [ 14%] Building C object dep/StormLib/CMakeFiles/storm.dir/src/libtommath/bn_mp_exptmod.c.o
#10 10.31 [ 14%] Building C object dep/StormLib/CMakeFiles/storm.dir/src/libtommath/bn_mp_exptmod_fast.c.o
#10 10.32 [ 14%] Building C object dep/StormLib/CMakeFiles/storm.dir/src/libtommath/bn_mp_expt_d.c.o
#10 10.33 [ 14%] Building C object dep/StormLib/CMakeFiles/storm.dir/src/libtommath/bn_mp_exteuclid.c.o
#10 10.33 [ 14%] Building C object dep/StormLib/CMakeFiles/storm.dir/src/libtommath/bn_mp_fread.c.o
#10 10.34 [ 14%] Building C object dep/StormLib/CMakeFiles/storm.dir/src/libtommath/bn_mp_fwrite.c.o
#10 10.35 [ 14%] Building C object dep/StormLib/CMakeFiles/storm.dir/src/libtommath/bn_mp_gcd.c.o
#10 10.35 [ 14%] Building C object dep/StormLib/CMakeFiles/storm.dir/src/libtommath/bn_mp_get_int.c.o
#10 10.37 [ 14%] Building C object dep/StormLib/CMakeFiles/storm.dir/src/libtommath/bn_mp_grow.c.o
#10 10.37 [ 14%] Building C object dep/StormLib/CMakeFiles/storm.dir/src/libtommath/bn_mp_init.c.o
#10 10.39 [ 14%] Building C object dep/StormLib/CMakeFiles/storm.dir/src/libtommath/bn_mp_init_copy.c.o
#10 10.41 [ 14%] Building C object dep/StormLib/CMakeFiles/storm.dir/src/libtommath/bn_mp_init_multi.c.o
#10 10.41 [ 14%] Building C object dep/StormLib/CMakeFiles/storm.dir/src/libtommath/bn_mp_init_set.c.o
#10 10.43 [ 14%] Building C object dep/StormLib/CMakeFiles/storm.dir/src/libtommath/bn_mp_init_set_int.c.o
#10 10.43 [ 14%] Building C object dep/StormLib/CMakeFiles/storm.dir/src/libtommath/bn_mp_init_size.c.o
#10 10.44 [ 15%] Building C object dep/StormLib/CMakeFiles/storm.dir/src/libtommath/bn_mp_invmod.c.o
#10 10.46 [ 15%] Building C object dep/StormLib/CMakeFiles/storm.dir/src/libtommath/bn_mp_invmod_slow.c.o
#10 10.47 [ 15%] Building C object dep/StormLib/CMakeFiles/storm.dir/src/libtommath/bn_mp_is_square.c.o
#10 10.47 [ 15%] Building C object dep/StormLib/CMakeFiles/storm.dir/src/libtommath/bn_mp_jacobi.c.o
#10 10.48 [ 15%] Building C object dep/StormLib/CMakeFiles/storm.dir/src/libtommath/bn_mp_karatsuba_mul.c.o
#10 10.50 [ 15%] Building C object dep/StormLib/CMakeFiles/storm.dir/src/libtommath/bn_mp_karatsuba_sqr.c.o
#10 10.50 [ 15%] Building C object dep/StormLib/CMakeFiles/storm.dir/src/libtommath/bn_mp_lcm.c.o
#10 10.52 [ 15%] Building C object dep/StormLib/CMakeFiles/storm.dir/src/libtommath/bn_mp_lshd.c.o
#10 10.54 [ 15%] Building C object dep/StormLib/CMakeFiles/storm.dir/src/libtommath/bn_mp_mod.c.o
#10 10.55 [ 15%] Building C object dep/StormLib/CMakeFiles/storm.dir/src/libtommath/bn_mp_mod_2d.c.o
#10 10.56 [ 15%] Building C object dep/StormLib/CMakeFiles/storm.dir/src/libtommath/bn_mp_mod_d.c.o
#10 10.57 [ 15%] Building C object dep/StormLib/CMakeFiles/storm.dir/src/libtommath/bn_mp_montgomery_reduce.c.o
#10 10.58 [ 15%] Building C object dep/StormLib/CMakeFiles/storm.dir/src/libtommath/bn_mp_montgomery_calc_normalization.c.o
#10 10.59 [ 15%] Building C object dep/StormLib/CMakeFiles/storm.dir/src/libtommath/bn_mp_montgomery_setup.c.o
#10 10.60 [ 15%] Building C object dep/StormLib/CMakeFiles/storm.dir/src/libtommath/bn_mp_mul.c.o
#10 10.60 [ 16%] Building C object dep/StormLib/CMakeFiles/storm.dir/src/libtommath/bn_mp_mulmod.c.o
#10 10.65 [ 16%] Building C object dep/StormLib/CMakeFiles/storm.dir/src/libtommath/bn_mp_mul_d.c.o
#10 10.68 [ 16%] Building C object dep/StormLib/CMakeFiles/storm.dir/src/libtommath/bn_mp_mul_2.c.o
#10 10.69 [ 16%] Building C object dep/StormLib/CMakeFiles/storm.dir/src/libtommath/bn_mp_neg.c.o
#10 10.69 [ 16%] Building C object dep/StormLib/CMakeFiles/storm.dir/src/libtommath/bn_mp_mul_2d.c.o
#10 10.82 [ 16%] Building C object dep/StormLib/CMakeFiles/storm.dir/src/libtommath/bn_mp_n_root.c.o
#10 10.84 [ 16%] Building C object dep/StormLib/CMakeFiles/storm.dir/src/libtommath/bn_mp_prime_fermat.c.o
#10 10.84 [ 16%] Building C object dep/StormLib/CMakeFiles/storm.dir/src/libtommath/bn_mp_or.c.o
#10 10.84 [ 16%] Building C object dep/StormLib/CMakeFiles/storm.dir/src/libtommath/bn_mp_prime_is_divisible.c.o
#10 10.86 [ 16%] Building C object dep/StormLib/CMakeFiles/storm.dir/src/libtommath/bn_mp_prime_is_prime.c.o
#10 10.87 [ 16%] Building C object dep/StormLib/CMakeFiles/storm.dir/src/libtommath/bn_mp_prime_next_prime.c.o
#10 10.89 [ 16%] Building C object dep/StormLib/CMakeFiles/storm.dir/src/libtommath/bn_mp_prime_miller_rabin.c.o
#10 10.89 [ 16%] Building C object dep/StormLib/CMakeFiles/storm.dir/src/libtommath/bn_mp_prime_random_ex.c.o
#10 10.90 [ 16%] Building C object dep/StormLib/CMakeFiles/storm.dir/src/libtommath/bn_mp_prime_rabin_miller_trials.c.o
#10 10.90 [ 16%] Building C object dep/StormLib/CMakeFiles/storm.dir/src/libtommath/bn_mp_radix_size.c.o
#10 10.92 [ 16%] Building C object dep/StormLib/CMakeFiles/storm.dir/src/libtommath/bn_mp_rand.c.o
#10 10.92 [ 17%] Building C object dep/StormLib/CMakeFiles/storm.dir/src/libtommath/bn_mp_radix_smap.c.o
#10 10.93 [ 17%] Building C object dep/StormLib/CMakeFiles/storm.dir/src/libtommath/bn_mp_read_radix.c.o
#10 10.94 [ 17%] Building C object dep/StormLib/CMakeFiles/storm.dir/src/libtommath/bn_mp_read_unsigned_bin.c.o
#10 10.95 [ 17%] Building C object dep/StormLib/CMakeFiles/storm.dir/src/libtommath/bn_mp_reduce.c.o
#10 10.96 [ 17%] Building C object dep/StormLib/CMakeFiles/storm.dir/src/libtommath/bn_mp_reduce_2k.c.o
#10 10.96 [ 17%] Building C object dep/StormLib/CMakeFiles/storm.dir/src/libtommath/bn_mp_reduce_2k_l.c.o
#10 10.98 [ 17%] Building C object dep/StormLib/CMakeFiles/storm.dir/src/libtommath/bn_mp_reduce_2k_setup.c.o
#10 10.98 [ 17%] Building C object dep/StormLib/CMakeFiles/storm.dir/src/libtommath/bn_mp_reduce_2k_setup_l.c.o
#10 11.00 [ 17%] Building C object dep/StormLib/CMakeFiles/storm.dir/src/libtommath/bn_mp_read_signed_bin.c.o
#10 11.01 [ 17%] Building C object dep/StormLib/CMakeFiles/storm.dir/src/libtommath/bn_mp_reduce_is_2k.c.o
#10 11.01 [ 17%] Building C object dep/StormLib/CMakeFiles/storm.dir/src/libtommath/bn_mp_reduce_is_2k_l.c.o
#10 11.02 [ 17%] Building C object dep/StormLib/CMakeFiles/storm.dir/src/libtommath/bn_mp_reduce_setup.c.o
#10 11.04 [ 17%] Building C object dep/StormLib/CMakeFiles/storm.dir/src/libtommath/bn_mp_rshd.c.o
#10 11.04 [ 17%] Building C object dep/StormLib/CMakeFiles/storm.dir/src/libtommath/bn_mp_set.c.o
#10 11.05 [ 18%] Building C object dep/StormLib/CMakeFiles/storm.dir/src/libtommath/bn_mp_set_int.c.o
#10 11.06 [ 18%] Building C object dep/StormLib/CMakeFiles/storm.dir/src/libtommath/bn_mp_shrink.c.o
#10 11.08 [ 18%] Building C object dep/StormLib/CMakeFiles/storm.dir/src/libtommath/bn_mp_signed_bin_size.c.o
#10 11.08 [ 18%] Building C object dep/StormLib/CMakeFiles/storm.dir/src/libtommath/bn_mp_sqr.c.o
#10 11.10 [ 18%] Building CXX object dep/g3dlite/CMakeFiles/g3dlib.dir/source/AABox.cpp.o
#10 11.10 [ 18%] Building C object dep/StormLib/CMakeFiles/storm.dir/src/libtommath/bn_mp_sqrmod.c.o
#10 11.11 [ 18%] Building C object dep/StormLib/CMakeFiles/storm.dir/src/libtommath/bn_mp_sqrt.c.o
#10 11.12 [ 18%] Building CXX object dep/g3dlite/CMakeFiles/g3dlib.dir/source/Any.cpp.o
#10 11.13 [ 18%] Building C object dep/StormLib/CMakeFiles/storm.dir/src/libtommath/bn_mp_sub.c.o
#10 11.15 [ 18%] Building C object dep/StormLib/CMakeFiles/storm.dir/src/libtommath/bn_mp_submod.c.o
#10 11.16 [ 18%] Building C object dep/StormLib/CMakeFiles/storm.dir/src/libtommath/bn_mp_sub_d.c.o
#10 11.18 [ 18%] Building C object dep/StormLib/CMakeFiles/storm.dir/src/libtommath/bn_mp_toom_mul.c.o
#10 11.18 [ 18%] Building CXX object dep/g3dlite/CMakeFiles/g3dlib.dir/source/AnyTableReader.cpp.o
#10 11.20 [ 18%] Building C object dep/StormLib/CMakeFiles/storm.dir/src/libtommath/bn_mp_toom_sqr.c.o
#10 11.25 [ 18%] Building C object dep/StormLib/CMakeFiles/storm.dir/src/libtommath/bn_mp_toradix.c.o
#10 11.27 [ 18%] Building C object dep/StormLib/CMakeFiles/storm.dir/src/libtommath/bn_mp_toradix_n.c.o
#10 11.30 [ 18%] Building C object dep/StormLib/CMakeFiles/storm.dir/src/libtommath/bn_mp_to_signed_bin.c.o
#10 11.32 [ 18%] Building C object dep/StormLib/CMakeFiles/storm.dir/src/libtommath/bn_mp_to_signed_bin_n.c.o
#10 11.46 [ 19%] Building C object dep/StormLib/CMakeFiles/storm.dir/src/libtommath/bn_mp_to_unsigned_bin.c.o
#10 11.51 [ 19%] Building C object dep/StormLib/CMakeFiles/storm.dir/src/libtommath/bn_mp_to_unsigned_bin_n.c.o
#10 11.55 [ 19%] Building C object dep/StormLib/CMakeFiles/storm.dir/src/libtommath/bn_mp_unsigned_bin_size.c.o
#10 11.57 [ 19%] Building C object dep/StormLib/CMakeFiles/storm.dir/src/libtommath/bn_mp_xor.c.o
#10 11.59 [ 19%] Building C object dep/StormLib/CMakeFiles/storm.dir/src/libtommath/bn_mp_zero.c.o
#10 11.61 [ 19%] Building C object dep/StormLib/CMakeFiles/storm.dir/src/libtommath/bn_prime_tab.c.o
#10 11.63 [ 19%] Building C object dep/StormLib/CMakeFiles/storm.dir/src/libtommath/bn_reverse.c.o
#10 11.64 [ 19%] Building C object dep/StormLib/CMakeFiles/storm.dir/src/libtommath/bn_s_mp_add.c.o
#10 11.68 [ 19%] Building C object dep/StormLib/CMakeFiles/storm.dir/src/libtommath/bn_s_mp_exptmod.c.o
#10 11.71 [ 19%] Building C object dep/StormLib/CMakeFiles/storm.dir/src/libtommath/bn_s_mp_mul_digs.c.o
#10 11.76 [ 19%] Building C object dep/StormLib/CMakeFiles/storm.dir/src/libtommath/bn_s_mp_mul_high_digs.c.o
#10 11.78 [ 19%] Building C object dep/StormLib/CMakeFiles/storm.dir/src/libtommath/bn_s_mp_sqr.c.o
#10 11.80 [ 19%] Building C object dep/StormLib/CMakeFiles/storm.dir/src/libtommath/bn_s_mp_sub.c.o
#10 11.82 [ 19%] Linking CXX static library libstorm.a
#10 12.28 [ 19%] Built target storm
#10 12.31 [ 19%] Building CXX object dep/g3dlite/CMakeFiles/g3dlib.dir/source/BinaryFormat.cpp.o
#10 12.33 [ 19%] Building CXX object dep/g3dlite/CMakeFiles/g3dlib.dir/source/BinaryInput.cpp.o
#10 12.61 [ 19%] Building CXX object dep/g3dlite/CMakeFiles/g3dlib.dir/source/BinaryOutput.cpp.o
#10 13.13 [ 20%] Building CXX object dep/g3dlite/CMakeFiles/g3dlib.dir/source/Box.cpp.o
#10 14.46 [ 20%] Building CXX object dep/g3dlite/CMakeFiles/g3dlib.dir/source/Capsule.cpp.o
#10 14.52 [ 20%] Building CXX object dep/g3dlite/CMakeFiles/g3dlib.dir/source/CollisionDetection.cpp.o
#10 14.66 [ 20%] Building CXX object dep/g3dlite/CMakeFiles/g3dlib.dir/source/CoordinateFrame.cpp.o
#10 14.93 [ 20%] Building CXX object dep/g3dlite/CMakeFiles/g3dlib.dir/source/Crypto.cpp.o
#10 15.43 [ 20%] Building CXX object dep/g3dlite/CMakeFiles/g3dlib.dir/source/Cylinder.cpp.o
#10 16.81 [ 20%] Building CXX object dep/g3dlite/CMakeFiles/g3dlib.dir/source/debugAssert.cpp.o
#10 17.13 [ 20%] Building CXX object dep/g3dlite/CMakeFiles/g3dlib.dir/source/FileSystem.cpp.o
#10 17.21 [ 20%] Building CXX object dep/g3dlite/CMakeFiles/g3dlib.dir/source/fileutils.cpp.o
#10 17.30 [ 20%] Building CXX object dep/g3dlite/CMakeFiles/g3dlib.dir/source/format.cpp.o
#10 17.59 [ 20%] Building CXX object dep/g3dlite/CMakeFiles/g3dlib.dir/source/g3dfnmatch.cpp.o
#10 17.61 [ 20%] Building CXX object dep/g3dlite/CMakeFiles/g3dlib.dir/source/g3dmath.cpp.o
#10 17.83 [ 20%] Building CXX object dep/g3dlite/CMakeFiles/g3dlib.dir/source/GThread.cpp.o
#10 18.36 [ 20%] Building CXX object dep/g3dlite/CMakeFiles/g3dlib.dir/source/Line.cpp.o
#10 18.91 [ 20%] Building CXX object dep/g3dlite/CMakeFiles/g3dlib.dir/source/LineSegment.cpp.o
#10 18.98 [ 21%] Building CXX object dep/g3dlite/CMakeFiles/g3dlib.dir/source/Log.cpp.o
#10 19.21 [ 21%] Building CXX object dep/g3dlite/CMakeFiles/g3dlib.dir/source/Matrix3.cpp.o
#10 19.57 [ 21%] Building CXX object dep/g3dlite/CMakeFiles/g3dlib.dir/source/Matrix4.cpp.o
#10 19.73 [ 21%] Building CXX object dep/g3dlite/CMakeFiles/g3dlib.dir/source/MemoryManager.cpp.o
#10 20.38 [ 21%] Building CXX object dep/g3dlite/CMakeFiles/g3dlib.dir/source/PhysicsFrame.cpp.o
#10 20.41 [ 21%] Building CXX object dep/g3dlite/CMakeFiles/g3dlib.dir/source/Plane.cpp.o
#10 20.64 [ 21%] Building CXX object dep/g3dlite/CMakeFiles/g3dlib.dir/source/prompt.cpp.o
#10 20.90 [ 21%] Building CXX object dep/g3dlite/CMakeFiles/g3dlib.dir/source/Quat.cpp.o
#10 20.97 [ 21%] Building CXX object dep/g3dlite/CMakeFiles/g3dlib.dir/source/Random.cpp.o
#10 21.35 [ 21%] Building CXX object dep/g3dlite/CMakeFiles/g3dlib.dir/source/Ray.cpp.o
#10 21.40 [ 21%] Building CXX object dep/g3dlite/CMakeFiles/g3dlib.dir/source/RegistryUtil.cpp.o
#10 21.41 [ 21%] Building CXX object dep/g3dlite/CMakeFiles/g3dlib.dir/source/Sphere.cpp.o
#10 22.02 [ 21%] Building CXX object dep/g3dlite/CMakeFiles/g3dlib.dir/source/stringutils.cpp.o
#10 22.18 [ 21%] Building CXX object dep/g3dlite/CMakeFiles/g3dlib.dir/source/System.cpp.o
#10 22.25 [ 21%] Building CXX object dep/g3dlite/CMakeFiles/g3dlib.dir/source/TextInput.cpp.o
#10 22.41 [ 22%] Building CXX object dep/g3dlite/CMakeFiles/g3dlib.dir/source/TextOutput.cpp.o
#10 23.43 [ 22%] Building CXX object dep/g3dlite/CMakeFiles/g3dlib.dir/source/Triangle.cpp.o
#10 23.76 [ 22%] Building CXX object dep/g3dlite/CMakeFiles/g3dlib.dir/source/uint128.cpp.o
#10 24.10 [ 22%] Building CXX object dep/g3dlite/CMakeFiles/g3dlib.dir/source/Vector2.cpp.o
#10 24.23 [ 22%] Building CXX object dep/g3dlite/CMakeFiles/g3dlib.dir/source/UprightFrame.cpp.o
#10 25.69 [ 22%] Building CXX object dep/g3dlite/CMakeFiles/g3dlib.dir/source/Vector3.cpp.o
#10 25.82 [ 22%] Building CXX object dep/g3dlite/CMakeFiles/g3dlib.dir/source/Vector4.cpp.o
#10 28.41 [ 22%] Linking CXX static library libg3dlib.a
#10 29.50 [ 22%] Built target g3dlib
#10 29.56 [ 22%] Building CXX object src/common/CMakeFiles/common.dir/cmake_pch.hxx.gch
#10 33.83 [ 22%] Building CXX object src/common/CMakeFiles/common.dir/Common.cpp.o
#10 33.83 [ 22%] Building CXX object src/common/CMakeFiles/common.dir/Banner.cpp.o
#10 33.83 [ 22%] Building CXX object src/common/CMakeFiles/common.dir/GitRevision.cpp.o
#10 33.83 [ 22%] Building CXX object src/common/CMakeFiles/common.dir/Collision/BoundingIntervalHierarchy.cpp.o
#10 34.64 [ 22%] Building CXX object src/common/CMakeFiles/common.dir/Collision/DynamicTree.cpp.o
#10 34.68 [ 22%] Building CXX object src/common/CMakeFiles/common.dir/Collision/Management/MMapFactory.cpp.o
#10 35.02 [ 22%] Building CXX object src/common/CMakeFiles/common.dir/Collision/Management/MMapManager.cpp.o
#10 35.36 [ 22%] Building CXX object src/common/CMakeFiles/common.dir/Collision/Management/VMapFactory.cpp.o
#10 36.53 [ 22%] Building CXX object src/common/CMakeFiles/common.dir/Collision/Management/VMapManager2.cpp.o
#10 37.21 [ 22%] Building CXX object src/common/CMakeFiles/common.dir/Collision/Maps/MapDefines.cpp.o
#10 37.71 [ 23%] Building CXX object src/common/CMakeFiles/common.dir/Collision/Maps/TileAssembler.cpp.o
#10 37.73 [ 23%] Building CXX object src/common/CMakeFiles/common.dir/Collision/Maps/MapTree.cpp.o
#10 38.77 [ 23%] Building CXX object src/common/CMakeFiles/common.dir/Collision/Models/GameObjectModel.cpp.o
#10 44.32 [ 23%] Building CXX object src/common/CMakeFiles/common.dir/Collision/Models/ModelInstance.cpp.o
#10 44.40 [ 23%] Building CXX object src/common/CMakeFiles/common.dir/Collision/Models/WorldModel.cpp.o
#10 45.11 [ 23%] Building CXX object src/common/CMakeFiles/common.dir/Configuration/BuiltInConfig.cpp.o
#10 45.46 [ 23%] Building CXX object src/common/CMakeFiles/common.dir/Configuration/Config.cpp.o
#10 45.83 [ 23%] Building CXX object src/common/CMakeFiles/common.dir/Cryptography/AES.cpp.o
#10 46.50 [ 23%] Building CXX object src/common/CMakeFiles/common.dir/Cryptography/ARC4.cpp.o
#10 46.93 [ 23%] Building CXX object src/common/CMakeFiles/common.dir/Cryptography/Argon2Hash.cpp.o
#10 47.67 [ 23%] Building CXX object src/common/CMakeFiles/common.dir/Cryptography/BigNumber.cpp.o
#10 47.69 [ 23%] Building CXX object src/common/CMakeFiles/common.dir/Cryptography/CryptoRandom.cpp.o
#10 47.86 [ 23%] Building CXX object src/common/CMakeFiles/common.dir/Cryptography/OpenSSLCrypto.cpp.o
#10 48.32 [ 23%] Building CXX object src/common/CMakeFiles/common.dir/Cryptography/TOTP.cpp.o
#10 48.55 [ 23%] Building CXX object src/common/CMakeFiles/common.dir/Cryptography/Authentication/PacketCrypt.cpp.o
#10 48.68 [ 23%] Building CXX object src/common/CMakeFiles/common.dir/Cryptography/Authentication/SRP6.cpp.o
#10 49.09 [ 24%] Building CXX object src/common/CMakeFiles/common.dir/Cryptography/Authentication/WorldPacketCrypt.cpp.o
#10 49.55 [ 24%] Building CXX object src/common/CMakeFiles/common.dir/DataStores/DBCFileLoader.cpp.o
#10 49.75 [ 24%] Building CXX object src/common/CMakeFiles/common.dir/Encoding/Base32.cpp.o
#10 50.17 [ 24%] Building CXX object src/common/CMakeFiles/common.dir/Encoding/Base64.cpp.o
#10 50.18 [ 24%] Building CXX object src/common/CMakeFiles/common.dir/IPLocation/IPLocation.cpp.o
#10 50.63 [ 24%] Building CXX object src/common/CMakeFiles/common.dir/Logging/Appender.cpp.o
#10 51.80 [ 24%] Building CXX object src/common/CMakeFiles/common.dir/Logging/AppenderConsole.cpp.o
#10 55.13 [ 24%] Building CXX object src/common/CMakeFiles/common.dir/Logging/AppenderFile.cpp.o
#10 57.67 [ 24%] Building CXX object src/common/CMakeFiles/common.dir/Logging/Log.cpp.o
#10 58.59 [ 24%] Building CXX object src/common/CMakeFiles/common.dir/Logging/LogMessage.cpp.o
#10 60.68 [ 24%] Building CXX object src/common/CMakeFiles/common.dir/Logging/LogOperation.cpp.o
#10 61.84 [ 24%] Building CXX object src/common/CMakeFiles/common.dir/Logging/Logger.cpp.o
#10 62.19 [ 24%] Building CXX object src/common/CMakeFiles/common.dir/Metric/Metric.cpp.o
#10 62.74 [ 24%] Building CXX object src/common/CMakeFiles/common.dir/Threading/ProcessPriority.cpp.o
#10 63.37 [ 24%] Building CXX object src/common/CMakeFiles/common.dir/Utilities/EventMap.cpp.o
#10 64.07 [ 25%] Building CXX object src/common/CMakeFiles/common.dir/Utilities/EventProcessor.cpp.o
#10 64.73 [ 25%] Building CXX object src/common/CMakeFiles/common.dir/Utilities/PCGRand.cpp.o
#10 65.24 [ 25%] Building CXX object src/common/CMakeFiles/common.dir/Utilities/Random.cpp.o
#10 65.93 [ 25%] Building CXX object src/common/CMakeFiles/common.dir/Utilities/StartProcess.cpp.o
#10 66.81 [ 25%] Building CXX object src/common/CMakeFiles/common.dir/Utilities/TaskScheduler.cpp.o
#10 69.17 [ 25%] Building CXX object src/common/CMakeFiles/common.dir/Utilities/Util.cpp.o
#10 69.53 [ 25%] Building CXX object src/common/CMakeFiles/common.dir/Debugging/Errors.cpp.o
#10 82.64 [ 25%] Linking CXX static library libcommon.a
#10 85.21 [ 25%] Built target common
#10 85.38 [ 25%] Building CXX object src/server/database/CMakeFiles/database.dir/cmake_pch.hxx.gch
#10 85.39 [ 25%] Building CXX object src/tools/connection_patcher/CMakeFiles/connection_patcher.dir/Helper.cpp.o
#10 85.39 [ 25%] Building CXX object src/tools/vmap4_assembler/CMakeFiles/vmap4assembler.dir/VMapAssembler.cpp.o
#10 85.39 [ 25%] Building CXX object src/tools/map_extractor/CMakeFiles/mapextractor.dir/System.cpp.o
#10 85.45 [ 26%] Linking CXX executable vmap4assembler
#10 85.46 [ 26%] Building CXX object src/tools/connection_patcher/CMakeFiles/connection_patcher.dir/Patcher.cpp.o
#10 85.50 [ 26%] Building CXX object src/tools/map_extractor/CMakeFiles/mapextractor.dir/dbcfile.cpp.o
#10 85.52 [ 26%] Building CXX object src/tools/connection_patcher/CMakeFiles/connection_patcher.dir/Program.cpp.o
#10 85.54 [ 26%] Building CXX object src/tools/map_extractor/CMakeFiles/mapextractor.dir/loadlib.cpp.o
#10 85.58 [ 26%] Linking CXX executable mapextractor
#10 85.84 [ 26%] Linking CXX executable connection_patcher
#10 86.10 [ 26%] Built target mapextractor
#10 86.19 [ 26%] Building CXX object src/tools/vmap4_extractor/CMakeFiles/vmap4extractor.dir/adtfile.cpp.o
#10 86.24 [ 26%] Building CXX object src/tools/vmap4_extractor/CMakeFiles/vmap4extractor.dir/dbcfile.cpp.o
#10 86.31 [ 26%] Building CXX object src/tools/vmap4_extractor/CMakeFiles/vmap4extractor.dir/gameobject_extract.cpp.o
#10 86.35 [ 26%] Building CXX object src/tools/vmap4_extractor/CMakeFiles/vmap4extractor.dir/model.cpp.o
#10 86.41 [ 26%] Building CXX object src/tools/vmap4_extractor/CMakeFiles/vmap4extractor.dir/mpqfile.cpp.o
#10 86.48 [ 26%] Building CXX object src/tools/vmap4_extractor/CMakeFiles/vmap4extractor.dir/vmapexport.cpp.o
#10 86.52 [ 26%] Built target vmap4assembler
#10 86.53 [ 26%] Built target connection_patcher
#10 86.54 [ 26%] Building CXX object src/tools/vmap4_extractor/CMakeFiles/vmap4extractor.dir/wdtfile.cpp.o
#10 86.55 [ 26%] Building CXX object src/tools/vmap4_extractor/CMakeFiles/vmap4extractor.dir/wmo.cpp.o
#10 86.57 [ 26%] Building CXX object src/tools/mmaps_generator/CMakeFiles/mmaps_generator.dir/IntermediateValues.cpp.o
#10 86.61 [ 26%] Building CXX object src/tools/mmaps_generator/CMakeFiles/mmaps_generator.dir/MapBuilder.cpp.o
#10 86.62 [ 26%] Linking CXX executable vmap4extractor
#10 86.85 [ 26%] Building CXX object src/tools/mmaps_generator/CMakeFiles/mmaps_generator.dir/PathGenerator.cpp.o
#10 86.98 [ 26%] Building CXX object src/tools/mmaps_generator/CMakeFiles/mmaps_generator.dir/TerrainBuilder.cpp.o
#10 87.05 [ 26%] Linking CXX executable mmaps_generator
#10 87.39 [ 26%] Built target vmap4extractor
#10 87.99 [ 26%] Built target mmaps_generator
#10 90.49 [ 26%] Building CXX object src/server/database/CMakeFiles/database.dir/Database/DatabaseWorker.cpp.o
#10 90.51 [ 26%] Building CXX object src/server/database/CMakeFiles/database.dir/Database/AdhocStatement.cpp.o
#10 90.52 [ 27%] Building CXX object src/server/database/CMakeFiles/database.dir/Database/DatabaseLoader.cpp.o
#10 90.52 [ 27%] Building CXX object src/server/database/CMakeFiles/database.dir/Database/DatabaseEnv.cpp.o
#10 91.15 [ 27%] Building CXX object src/server/database/CMakeFiles/database.dir/Database/DatabaseWorkerPool.cpp.o
#10 91.58 [ 27%] Building CXX object src/server/database/CMakeFiles/database.dir/Database/Field.cpp.o
#10 91.84 [ 27%] Building CXX object src/server/database/CMakeFiles/database.dir/Database/MySQLConnection.cpp.o
#10 95.53 [ 27%] Building CXX object src/server/database/CMakeFiles/database.dir/Database/MySQLPreparedStatement.cpp.o
#10 97.90 [ 27%] Building CXX object src/server/database/CMakeFiles/database.dir/Database/MySQLThreading.cpp.o
#10 98.41 [ 27%] Building CXX object src/server/database/CMakeFiles/database.dir/Database/PreparedStatement.cpp.o
#10 99.07 [ 27%] Building CXX object src/server/database/CMakeFiles/database.dir/Database/QueryCallback.cpp.o
#10 99.46 [ 27%] Building CXX object src/server/database/CMakeFiles/database.dir/Database/QueryHolder.cpp.o
#10 100.4 [ 27%] Building CXX object src/server/database/CMakeFiles/database.dir/Database/QueryResult.cpp.o
#10 100.4 [ 27%] Building CXX object src/server/database/CMakeFiles/database.dir/Database/Transaction.cpp.o
#10 101.1 [ 27%] Building CXX object src/server/database/CMakeFiles/database.dir/Database/Implementation/CharacterDatabase.cpp.o
#10 104.1 [ 27%] Building CXX object src/server/database/CMakeFiles/database.dir/Database/Implementation/HotfixDatabase.cpp.o
#10 104.8 [ 27%] Building CXX object src/server/database/CMakeFiles/database.dir/Database/Implementation/LoginDatabase.cpp.o
#10 105.5 [ 28%] Building CXX object src/server/database/CMakeFiles/database.dir/Database/Implementation/WorldDatabase.cpp.o
#10 105.8 [ 28%] Building CXX object src/server/database/CMakeFiles/database.dir/Logging/AppenderDB.cpp.o
#10 106.2 [ 28%] Building CXX object src/server/database/CMakeFiles/database.dir/Updater/DBUpdater.cpp.o
#10 106.5 [ 28%] Building CXX object src/server/database/CMakeFiles/database.dir/Updater/UpdateFetcher.cpp.o
#10 114.4 [ 28%] Linking CXX static library libdatabase.a
#10 115.9 [ 28%] Built target database
#10 116.1 [ 28%] Building CXX object src/server/shared/CMakeFiles/shared.dir/cmake_pch.hxx.gch
#10 121.3 [ 28%] Building CXX object src/server/shared/CMakeFiles/shared.dir/DataStores/DBCStore.cpp.o
#10 121.3 [ 28%] Building CXX object src/server/shared/CMakeFiles/shared.dir/DataStores/DBCDatabaseLoader.cpp.o
#10 121.3 [ 28%] Building CXX object src/server/shared/CMakeFiles/shared.dir/DataStores/DB2StorageLoader.cpp.o
#10 121.3 [ 28%] Building CXX object src/server/shared/CMakeFiles/shared.dir/SharedDefines.cpp.o
#10 122.7 [ 28%] Building CXX object src/server/shared/CMakeFiles/shared.dir/Packets/ByteBuffer.cpp.o
#10 122.7 [ 29%] Building CXX object src/server/shared/CMakeFiles/shared.dir/Realm/ClientBuildInfo.cpp.o
#10 123.8 [ 29%] Building CXX object src/server/shared/CMakeFiles/shared.dir/Realm/Realm.cpp.o
#10 125.4 [ 29%] Building CXX object src/server/shared/CMakeFiles/shared.dir/Secrets/SecretMgr.cpp.o
#10 131.1 [ 29%] Linking CXX static library libshared.a
#10 131.6 [ 29%] Built target shared
#10 131.7 [ 29%] Building CXX object modules/CMakeFiles/modules.dir/cmake_pch.hxx.gch
#10 131.7 [ 29%] Building CXX object src/server/authserver/CMakeFiles/authserver.dir/cmake_pch.hxx.gch
#10 131.7 [ 29%] Building CXX object src/server/game/CMakeFiles/game.dir/cmake_pch.hxx.gch
#10 131.8 [ 29%] Building CXX object src/server/scripts/CMakeFiles/scripts.dir/cmake_pch.hxx.gch
#10 150.1 [ 29%] Building CXX object src/server/authserver/CMakeFiles/authserver.dir/Main.cpp.o
#10 180.9 [ 29%] Building CXX object modules/CMakeFiles/modules.dir/gen_scriptloader/static/ModulesLoader.cpp.o
#10 183.1 [ 29%] Building CXX object modules/CMakeFiles/modules.dir/mod-junk-to-gold/src/mod_junk_to_gold.cpp.o
#10 185.7 [ 29%] Linking CXX static library libmodules.a
#10 185.8 [ 29%] Built target modules
#10 185.8 [ 29%] Building CXX object src/server/authserver/CMakeFiles/authserver.dir/Authentication/AuthCodes.cpp.o
#10 186.9 [ 30%] Building CXX object src/server/authserver/CMakeFiles/authserver.dir/Realms/GruntRealmList.cpp.o
#10 186.9 [ 30%] Building CXX object src/server/authserver/CMakeFiles/authserver.dir/Server/AuthSession.cpp.o
#10 199.6 [ 30%] Building CXX object src/server/scripts/CMakeFiles/scripts.dir/Battlefield/BattlefieldTB.cpp.o
#10 199.6 [ 31%] Building CXX object src/server/scripts/CMakeFiles/scripts.dir/gen_scriptloader/static/ScriptLoader.cpp.o
#10 199.9 [ 31%] Building CXX object src/server/game/CMakeFiles/game.dir/AI/CreatureAI.cpp.o
#10 202.6 [ 31%] Linking CXX executable authserver
#10 203.0 [ 31%] Building CXX object src/server/scripts/CMakeFiles/scripts.dir/Battlefield/BattlefieldWG.cpp.o
#10 205.0 [ 31%] Building CXX object src/server/game/CMakeFiles/game.dir/AI/CreatureAIRegistry.cpp.o
#10 206.3 [ 31%] Built target authserver
#10 206.4 [ 31%] Building CXX object src/server/game/CMakeFiles/game.dir/AI/CreatureAISelector.cpp.o
#10 207.9 [ 31%] Building CXX object src/server/scripts/CMakeFiles/scripts.dir/Battlefield/battlefield_script_loader.cpp.o
#10 210.8 [ 31%] Building CXX object src/server/scripts/CMakeFiles/scripts.dir/Commands/cs_account.cpp.o
#10 211.8 [ 31%] Building CXX object src/server/game/CMakeFiles/game.dir/AI/CoreAI/CombatAI.cpp.o
#10 213.9 [ 31%] Building CXX object src/server/game/CMakeFiles/game.dir/AI/CoreAI/GameObjectAI.cpp.o
#10 215.1 [ 31%] Building CXX object src/server/scripts/CMakeFiles/scripts.dir/Commands/cs_achievement.cpp.o
#10 217.0 [ 31%] Building CXX object src/server/game/CMakeFiles/game.dir/AI/CoreAI/GuardAI.cpp.o
#10 219.8 [ 32%] Building CXX object src/server/game/CMakeFiles/game.dir/AI/CoreAI/PassiveAI.cpp.o
#10 219.8 [ 32%] Building CXX object src/server/scripts/CMakeFiles/scripts.dir/Commands/cs_ahbot.cpp.o
#10 224.2 [ 32%] Building CXX object src/server/game/CMakeFiles/game.dir/AI/CoreAI/PetAI.cpp.o
#10 225.1 [ 32%] Building CXX object src/server/game/CMakeFiles/game.dir/AI/CoreAI/ReactorAI.cpp.o
#10 225.3 [ 32%] Building CXX object src/server/scripts/CMakeFiles/scripts.dir/Commands/cs_arena.cpp.o
#10 227.5 [ 32%] Building CXX object src/server/scripts/CMakeFiles/scripts.dir/Commands/cs_ban.cpp.o
#10 229.8 [ 32%] Building CXX object src/server/game/CMakeFiles/game.dir/AI/CoreAI/ScheduledChangeAI.cpp.o
#10 234.2 [ 32%] Building CXX object src/server/scripts/CMakeFiles/scripts.dir/Commands/cs_bf.cpp.o
#10 235.3 [ 32%] Building CXX object src/server/game/CMakeFiles/game.dir/AI/CoreAI/TotemAI.cpp.o
#10 237.3 [ 32%] Building CXX object src/server/game/CMakeFiles/game.dir/AI/CoreAI/UnitAI.cpp.o
#10 238.1 [ 32%] Building CXX object src/server/game/CMakeFiles/game.dir/AI/PlayerAI/PlayerAI.cpp.o
#10 240.3 [ 32%] Building CXX object src/server/scripts/CMakeFiles/scripts.dir/Commands/cs_cast.cpp.o
#10 241.5 [ 32%] Building CXX object src/server/scripts/CMakeFiles/scripts.dir/Commands/cs_character.cpp.o
#10 241.6 [ 32%] Building CXX object src/server/game/CMakeFiles/game.dir/AI/ScriptedAI/ScriptedCreature.cpp.o
#10 243.5 [ 32%] Building CXX object src/server/scripts/CMakeFiles/scripts.dir/Commands/cs_cheat.cpp.o
#10 249.0 [ 32%] Building CXX object src/server/scripts/CMakeFiles/scripts.dir/Commands/cs_debug.cpp.o
#10 253.4 [ 32%] Building CXX object src/server/game/CMakeFiles/game.dir/AI/ScriptedAI/ScriptedEscortAI.cpp.o
#10 254.6 [ 32%] Building CXX object src/server/scripts/CMakeFiles/scripts.dir/Commands/cs_deserter.cpp.o
#10 255.6 [ 33%] Building CXX object src/server/scripts/CMakeFiles/scripts.dir/Commands/cs_disable.cpp.o
#10 259.4 [ 33%] Building CXX object src/server/scripts/CMakeFiles/scripts.dir/Commands/cs_event.cpp.o
#10 266.5 [ 33%] Building CXX object src/server/game/CMakeFiles/game.dir/AI/ScriptedAI/ScriptedFollowerAI.cpp.o
#10 267.0 [ 33%] Building CXX object src/server/scripts/CMakeFiles/scripts.dir/Commands/cs_gm.cpp.o
#10 268.7 [ 33%] Building CXX object src/server/scripts/CMakeFiles/scripts.dir/Commands/cs_go.cpp.o
#10 271.9 [ 33%] Building CXX object src/server/scripts/CMakeFiles/scripts.dir/Commands/cs_gobject.cpp.o
#10 274.3 [ 33%] Building CXX object src/server/game/CMakeFiles/game.dir/AI/ScriptedAI/ScriptedGossip.cpp.o
#10 275.1 [ 33%] Building CXX object src/server/scripts/CMakeFiles/scripts.dir/Commands/cs_group.cpp.o
#10 276.9 [ 33%] Building CXX object src/server/game/CMakeFiles/game.dir/AI/SmartScripts/SmartAI.cpp.o
#10 281.6 [ 33%] Building CXX object src/server/scripts/CMakeFiles/scripts.dir/Commands/cs_guild.cpp.o
#10 282.9 [ 33%] Building CXX object src/server/game/CMakeFiles/game.dir/AI/SmartScripts/SmartScript.cpp.o
#10 283.5 [ 33%] Building CXX object src/server/game/CMakeFiles/game.dir/AI/SmartScripts/SmartScriptMgr.cpp.o
#10 287.5 [ 33%] Building CXX object src/server/scripts/CMakeFiles/scripts.dir/Commands/cs_honor.cpp.o
#10 295.8 [ 33%] Building CXX object src/server/scripts/CMakeFiles/scripts.dir/Commands/cs_instance.cpp.o
#10 296.2 [ 33%] Building CXX object src/server/game/CMakeFiles/game.dir/Accounts/AccountMgr.cpp.o
#10 304.5 [ 33%] Building CXX object src/server/scripts/CMakeFiles/scripts.dir/Commands/cs_learn.cpp.o
#10 306.9 [ 34%] Building CXX object src/server/game/CMakeFiles/game.dir/Accounts/RBAC.cpp.o
#10 310.9 [ 34%] Building CXX object src/server/game/CMakeFiles/game.dir/Achievements/AchievementMgr.cpp.o
#10 312.6 [ 34%] Building CXX object src/server/scripts/CMakeFiles/scripts.dir/Commands/cs_lfg.cpp.o
#10 314.1 [ 34%] Building CXX object src/server/scripts/CMakeFiles/scripts.dir/Commands/cs_list.cpp.o
#10 317.1 [ 34%] Building CXX object src/server/scripts/CMakeFiles/scripts.dir/Commands/cs_lookup.cpp.o
#10 320.2 [ 34%] Building CXX object src/server/game/CMakeFiles/game.dir/Addons/AddonMgr.cpp.o
#10 325.1 [ 34%] Building CXX object src/server/scripts/CMakeFiles/scripts.dir/Commands/cs_message.cpp.o
#10 326.6 [ 34%] Building CXX object src/server/scripts/CMakeFiles/scripts.dir/Commands/cs_misc.cpp.o
#10 328.7 [ 35%] Building CXX object src/server/scripts/CMakeFiles/scripts.dir/Commands/cs_mmaps.cpp.o
#10 333.0 [ 35%] Building CXX object src/server/game/CMakeFiles/game.dir/AuctionHouse/AuctionHouseMgr.cpp.o
#10 335.0 [ 35%] Building CXX object src/server/game/CMakeFiles/game.dir/AuctionHouseBot/AuctionHouseBot.cpp.o
#10 338.1 [ 35%] Building CXX object src/server/game/CMakeFiles/game.dir/AuctionHouseBot/AuctionHouseBotBuyer.cpp.o
#10 341.9 [ 35%] Building CXX object src/server/scripts/CMakeFiles/scripts.dir/Commands/cs_modify.cpp.o
#10 342.6 [ 35%] Building CXX object src/server/game/CMakeFiles/game.dir/AuctionHouseBot/AuctionHouseBotSeller.cpp.o
#10 343.6 [ 35%] Building CXX object src/server/scripts/CMakeFiles/scripts.dir/Commands/cs_npc.cpp.o
#10 346.5 [ 35%] Building CXX object src/server/scripts/CMakeFiles/scripts.dir/Commands/cs_pet.cpp.o
#10 352.1 [ 35%] Building CXX object src/server/scripts/CMakeFiles/scripts.dir/Commands/cs_quest.cpp.o
#10 352.8 [ 35%] Building CXX object src/server/game/CMakeFiles/game.dir/Battlefield/Battlefield.cpp.o
#10 354.4 [ 35%] Building CXX object src/server/game/CMakeFiles/game.dir/Battlefield/BattlefieldMgr.cpp.o
#10 356.9 [ 35%] Building CXX object src/server/scripts/CMakeFiles/scripts.dir/Commands/cs_rbac.cpp.o
#10 359.7 [ 35%] Building CXX object src/server/game/CMakeFiles/game.dir/Battlegrounds/Arena.cpp.o
#10 361.6 [ 35%] Building CXX object src/server/scripts/CMakeFiles/scripts.dir/Commands/cs_reload.cpp.o
#10 362.4 [ 35%] Building CXX object src/server/scripts/CMakeFiles/scripts.dir/Commands/cs_reset.cpp.o
#10 364.0 [ 35%] Building CXX object src/server/scripts/CMakeFiles/scripts.dir/Commands/cs_script_loader.cpp.o
#10 366.5 [ 35%] Building CXX object src/server/game/CMakeFiles/game.dir/Battlegrounds/ArenaTeam.cpp.o
#10 366.5 [ 35%] Building CXX object src/server/scripts/CMakeFiles/scripts.dir/Commands/cs_send.cpp.o
#10 369.5 [ 35%] Building CXX object src/server/game/CMakeFiles/game.dir/Battlegrounds/ArenaTeamMgr.cpp.o
#10 373.3 [ 35%] Building CXX object src/server/scripts/CMakeFiles/scripts.dir/Commands/cs_server.cpp.o
#10 375.1 [ 35%] Building CXX object src/server/game/CMakeFiles/game.dir/Battlegrounds/Battleground.cpp.o
#10 375.2 [ 35%] Building CXX object src/server/game/CMakeFiles/game.dir/Battlegrounds/BattlegroundMgr.cpp.o
#10 376.1 [ 35%] Building CXX object src/server/scripts/CMakeFiles/scripts.dir/Commands/cs_tele.cpp.o
#10 384.6 [ 35%] Building CXX object src/server/scripts/CMakeFiles/scripts.dir/Commands/cs_ticket.cpp.o
#10 384.8 [ 35%] Building CXX object src/server/scripts/CMakeFiles/scripts.dir/Commands/cs_titles.cpp.o
#10 389.5 [ 35%] Building CXX object src/server/scripts/CMakeFiles/scripts.dir/Commands/cs_wp.cpp.o
#10 389.7 [ 35%] Building CXX object src/server/game/CMakeFiles/game.dir/Battlegrounds/BattlegroundQueue.cpp.o
#10 391.2 [ 36%] Building CXX object src/server/scripts/CMakeFiles/scripts.dir/Custom/custom_script_loader.cpp.o
#10 391.4 [ 37%] Building CXX object src/server/game/CMakeFiles/game.dir/Battlegrounds/Zones/BattlegroundAB.cpp.o
#10 394.2 [ 37%] Building CXX object src/server/scripts/CMakeFiles/scripts.dir/EasternKingdoms/eastern_kingdoms_script_loader.cpp.o
#10 397.2 [ 37%] Building CXX object src/server/scripts/CMakeFiles/scripts.dir/EasternKingdoms/zone_blasted_lands.cpp.o
#10 399.4 [ 37%] Building CXX object src/server/game/CMakeFiles/game.dir/Battlegrounds/Zones/BattlegroundAV.cpp.o
#10 399.5 [ 37%] Building CXX object src/server/scripts/CMakeFiles/scripts.dir/EasternKingdoms/zone_dun_morogh.cpp.o
#10 399.8 [ 37%] Building CXX object src/server/game/CMakeFiles/game.dir/Battlegrounds/Zones/BattlegroundBE.cpp.o
#10 400.9 [ 37%] Building CXX object src/server/game/CMakeFiles/game.dir/Battlegrounds/Zones/BattlegroundBFG.cpp.o
#10 402.5 [ 37%] Building CXX object src/server/scripts/CMakeFiles/scripts.dir/EasternKingdoms/zone_dun_morogh_area_coldridge_valley.cpp.o
#10 404.6 [ 37%] Building CXX object src/server/scripts/CMakeFiles/scripts.dir/EasternKingdoms/zone_duskwood.cpp.o
#10 406.8 [ 37%] Building CXX object src/server/game/CMakeFiles/game.dir/Battlegrounds/Zones/BattlegroundDS.cpp.o
#10 407.2 [ 37%] Building CXX object src/server/game/CMakeFiles/game.dir/Battlegrounds/Zones/BattlegroundEY.cpp.o
#10 407.9 [ 37%] Building CXX object src/server/scripts/CMakeFiles/scripts.dir/EasternKingdoms/zone_elwynn_forest.cpp.o
#10 412.4 [ 37%] Building CXX object src/server/game/CMakeFiles/game.dir/Battlegrounds/Zones/BattlegroundIC.cpp.o
#10 412.5 [ 37%] Building CXX object src/server/scripts/CMakeFiles/scripts.dir/EasternKingdoms/zone_ghostlands.cpp.o
#10 413.5 [ 37%] Building CXX object src/server/game/CMakeFiles/game.dir/Battlegrounds/Zones/BattlegroundNA.cpp.o
#10 415.4 [ 37%] Building CXX object src/server/scripts/CMakeFiles/scripts.dir/EasternKingdoms/zone_hillsbrad_foothills.cpp.o
#10 416.2 [ 37%] Building CXX object src/server/game/CMakeFiles/game.dir/Battlegrounds/Zones/BattlegroundRL.cpp.o
#10 421.7 [ 37%] Building CXX object src/server/scripts/CMakeFiles/scripts.dir/EasternKingdoms/zone_hinterlands.cpp.o
#10 422.5 [ 37%] Building CXX object src/server/game/CMakeFiles/game.dir/Battlegrounds/Zones/BattlegroundRV.cpp.o
#10 423.4 [ 37%] Building CXX object src/server/game/CMakeFiles/game.dir/Battlegrounds/Zones/BattlegroundSA.cpp.o
#10 423.8 [ 37%] Building CXX object src/server/game/CMakeFiles/game.dir/Battlegrounds/Zones/BattlegroundTP.cpp.o
#10 426.1 [ 37%] Building CXX object src/server/scripts/CMakeFiles/scripts.dir/EasternKingdoms/zone_ironforge.cpp.o
#10 429.0 [ 37%] Building CXX object src/server/scripts/CMakeFiles/scripts.dir/EasternKingdoms/zone_redridge_mountains.cpp.o
#10 429.4 [ 37%] Building CXX object src/server/scripts/CMakeFiles/scripts.dir/EasternKingdoms/zone_silverpine_forest.cpp.o
#10 432.4 [ 37%] Building CXX object src/server/game/CMakeFiles/game.dir/Battlegrounds/Zones/BattlegroundWS.cpp.o
#10 432.5 [ 37%] Building CXX object src/server/game/CMakeFiles/game.dir/Cache/CharacterCache.cpp.o
#10 432.8 [ 37%] Building CXX object src/server/scripts/CMakeFiles/scripts.dir/EasternKingdoms/zone_stormwind_city.cpp.o
#10 432.8 [ 37%] Building CXX object src/server/game/CMakeFiles/game.dir/Calendar/CalendarMgr.cpp.o
#10 435.6 [ 37%] Building CXX object src/server/scripts/CMakeFiles/scripts.dir/EasternKingdoms/zone_swamp_of_sorrows.cpp.o
#10 438.2 [ 38%] Building CXX object src/server/scripts/CMakeFiles/scripts.dir/EasternKingdoms/zone_tirisfal_glades.cpp.o
#10 439.3 [ 38%] Building CXX object src/server/scripts/CMakeFiles/scripts.dir/EasternKingdoms/zone_tol_barad.cpp.o
#10 440.0 [ 39%] Building CXX object src/server/game/CMakeFiles/game.dir/Chat/Chat.cpp.o
#10 440.7 [ 39%] Building CXX object src/server/game/CMakeFiles/game.dir/Chat/ChatLink.cpp.o
#10 442.1 [ 39%] Building CXX object src/server/game/CMakeFiles/game.dir/Chat/Channels/Channel.cpp.o
#10 443.2 [ 39%] Building CXX object src/server/scripts/CMakeFiles/scripts.dir/EasternKingdoms/zone_twilight_highlands.cpp.o
#10 448.3 [ 39%] Building CXX object src/server/scripts/CMakeFiles/scripts.dir/EasternKingdoms/zone_undercity.cpp.o
#10 451.0 [ 39%] Building CXX object src/server/game/CMakeFiles/game.dir/Chat/Channels/ChannelMgr.cpp.o
#10 451.3 [ 39%] Building CXX object src/server/scripts/CMakeFiles/scripts.dir/EasternKingdoms/zone_western_plaguelands.cpp.o
#10 452.6 [ 39%] Building CXX object src/server/game/CMakeFiles/game.dir/Chat/ChatCommands/ChatCommandArgs.cpp.o
#10 452.8 [ 39%] Building CXX object src/server/game/CMakeFiles/game.dir/Chat/ChatCommands/ChatCommandHyperlinks.cpp.o
#10 453.9 [ 39%] Building CXX object src/server/scripts/CMakeFiles/scripts.dir/EasternKingdoms/zone_westfall.cpp.o
#10 454.6 [ 39%] Building CXX object src/server/game/CMakeFiles/game.dir/Combat/CombatManager.cpp.o
#10 456.5 [ 39%] Building CXX object src/server/game/CMakeFiles/game.dir/Combat/ThreatManager.cpp.o
#10 457.7 [ 39%] Building CXX object src/server/scripts/CMakeFiles/scripts.dir/EasternKingdoms/zone_wetlands.cpp.o
#10 457.9 [ 39%] Building CXX object src/server/scripts/CMakeFiles/scripts.dir/EasternKingdoms/AlteracValley/alterac_valley.cpp.o
#10 460.3 [ 39%] Building CXX object src/server/scripts/CMakeFiles/scripts.dir/EasternKingdoms/AlteracValley/boss_balinda.cpp.o
#10 460.8 [ 39%] Building CXX object src/server/scripts/CMakeFiles/scripts.dir/EasternKingdoms/AlteracValley/boss_drekthar.cpp.o
#10 461.2 [ 39%] Building CXX object src/server/scripts/CMakeFiles/scripts.dir/EasternKingdoms/AlteracValley/boss_galvangar.cpp.o
#10 463.2 [ 39%] Building CXX object src/server/game/CMakeFiles/game.dir/Conditions/ConditionMgr.cpp.o
#10 463.5 [ 39%] Building CXX object src/server/game/CMakeFiles/game.dir/Conditions/DisableMgr.cpp.o
#10 463.7 [ 39%] Building CXX object src/server/scripts/CMakeFiles/scripts.dir/EasternKingdoms/AlteracValley/boss_vanndar.cpp.o
#10 464.0 [ 39%] Building CXX object src/server/game/CMakeFiles/game.dir/DataStores/DB2Stores.cpp.o
#10 466.4 [ 39%] Building CXX object src/server/scripts/CMakeFiles/scripts.dir/EasternKingdoms/BaradinHold/boss_alizabal.cpp.o
#10 470.6 [ 39%] Building CXX object src/server/scripts/CMakeFiles/scripts.dir/EasternKingdoms/BaradinHold/boss_occuthar.cpp.o
#10 471.4 [ 39%] Building CXX object src/server/game/CMakeFiles/game.dir/DataStores/DBCStores.cpp.o
#10 474.0 [ 39%] Building CXX object src/server/game/CMakeFiles/game.dir/DataStores/GameTables.cpp.o
#10 476.9 [ 39%] Building CXX object src/server/scripts/CMakeFiles/scripts.dir/EasternKingdoms/BaradinHold/boss_pit_lord_argaloth.cpp.o
#10 477.1 [ 39%] Building CXX object src/server/game/CMakeFiles/game.dir/DataStores/M2Stores.cpp.o
#10 483.3 [ 39%] Building CXX object src/server/game/CMakeFiles/game.dir/DungeonFinding/LFG.cpp.o
#10 483.5 [ 40%] Building CXX object src/server/scripts/CMakeFiles/scripts.dir/EasternKingdoms/BaradinHold/instance_baradin_hold.cpp.o
#10 486.3 [ 40%] Building CXX object src/server/scripts/CMakeFiles/scripts.dir/EasternKingdoms/BastionOfTwilight/bastion_of_twilight.cpp.o
#10 486.7 [ 40%] Building CXX object src/server/scripts/CMakeFiles/scripts.dir/EasternKingdoms/BastionOfTwilight/boss_ascendant_council.cpp.o
#10 487.1 [ 41%] Building CXX object src/server/game/CMakeFiles/game.dir/DungeonFinding/LFGGroupData.cpp.o
#10 489.7 [ 41%] Building CXX object src/server/game/CMakeFiles/game.dir/DungeonFinding/LFGMgr.cpp.o
#10 493.2 [ 41%] Building CXX object src/server/game/CMakeFiles/game.dir/DungeonFinding/LFGPlayerData.cpp.o
#10 495.8 [ 41%] Building CXX object src/server/game/CMakeFiles/game.dir/DungeonFinding/LFGQueue.cpp.o
#10 506.6 [ 41%] Building CXX object src/server/scripts/CMakeFiles/scripts.dir/EasternKingdoms/BastionOfTwilight/boss_chogall.cpp.o
#10 508.5 [ 41%] Building CXX object src/server/scripts/CMakeFiles/scripts.dir/EasternKingdoms/BastionOfTwilight/boss_halfus_wyrmbreaker.cpp.o
#10 511.3 [ 41%] Building CXX object src/server/game/CMakeFiles/game.dir/DungeonFinding/LFGScripts.cpp.o
#10 515.3 [ 41%] Building CXX object src/server/game/CMakeFiles/game.dir/Entities/AreaTrigger/AreaTrigger.cpp.o
#10 517.0 [ 41%] Building CXX object src/server/game/CMakeFiles/game.dir/Entities/Corpse/Corpse.cpp.o
#10 518.5 [ 41%] Building CXX object src/server/scripts/CMakeFiles/scripts.dir/EasternKingdoms/BastionOfTwilight/boss_theralion_and_valiona.cpp.o
#10 519.8 [ 41%] Building CXX object src/server/scripts/CMakeFiles/scripts.dir/EasternKingdoms/BastionOfTwilight/instance_bastion_of_twilight.cpp.o
#10 522.3 [ 41%] Building CXX object src/server/game/CMakeFiles/game.dir/Entities/Creature/Creature.cpp.o
#10 524.3 [ 41%] Building CXX object src/server/game/CMakeFiles/game.dir/Entities/Creature/CreatureGroups.cpp.o
#10 524.3 [ 41%] Building CXX object src/server/scripts/CMakeFiles/scripts.dir/EasternKingdoms/BlackrockMountain/BlackrockCaverns/blackrock_caverns.cpp.o
#10 531.0 [ 41%] Building CXX object src/server/scripts/CMakeFiles/scripts.dir/EasternKingdoms/BlackrockMountain/BlackrockCaverns/boss_ascendant_lord_obsidius.cpp.o
#10 532.1 [ 41%] Building CXX object src/server/game/CMakeFiles/game.dir/Entities/Creature/GossipDef.cpp.o
#10 532.8 [ 41%] Building CXX object src/server/scripts/CMakeFiles/scripts.dir/EasternKingdoms/BlackrockMountain/BlackrockCaverns/boss_beauty.cpp.o
#10 536.6 [ 41%] Building CXX object src/server/scripts/CMakeFiles/scripts.dir/EasternKingdoms/BlackrockMountain/BlackrockCaverns/boss_corla_herald_of_twilight.cpp.o
#10 538.0 [ 41%] Building CXX object src/server/game/CMakeFiles/game.dir/Entities/Creature/TemporarySummon.cpp.o
#10 541.3 [ 41%] Building CXX object src/server/scripts/CMakeFiles/scripts.dir/EasternKingdoms/BlackrockMountain/BlackrockCaverns/boss_karsh_steelbender.cpp.o
#10 542.5 [ 41%] Building CXX object src/server/scripts/CMakeFiles/scripts.dir/EasternKingdoms/BlackrockMountain/BlackrockCaverns/boss_romogg_bonecrusher.cpp.o
#10 542.9 [ 41%] Building CXX object src/server/scripts/CMakeFiles/scripts.dir/EasternKingdoms/BlackrockMountain/BlackrockCaverns/instance_blackrock_caverns.cpp.o
#10 545.4 [ 41%] Building CXX object src/server/game/CMakeFiles/game.dir/Entities/Creature/Trainer.cpp.o
#10 546.3 [ 41%] Building CXX object src/server/scripts/CMakeFiles/scripts.dir/EasternKingdoms/BlackrockMountain/BlackrockDepths/blackrock_depths.cpp.o
#10 548.8 [ 41%] Building CXX object src/server/game/CMakeFiles/game.dir/Entities/DynamicObject/DynamicObject.cpp.o
#10 548.9 [ 42%] Building CXX object src/server/scripts/CMakeFiles/scripts.dir/EasternKingdoms/BlackrockMountain/BlackrockDepths/boss_ambassador_flamelash.cpp.o
#10 549.0 [ 42%] Building CXX object src/server/game/CMakeFiles/game.dir/Entities/GameObject/GameObject.cpp.o
#10 551.8 [ 42%] Building CXX object src/server/scripts/CMakeFiles/scripts.dir/EasternKingdoms/BlackrockMountain/BlackrockDepths/boss_coren_direbrew.cpp.o
#10 553.2 [ 42%] Building CXX object src/server/scripts/CMakeFiles/scripts.dir/EasternKingdoms/BlackrockMountain/BlackrockDepths/boss_emperor_dagran_thaurissan.cpp.o
#10 556.3 [ 42%] Building CXX object src/server/game/CMakeFiles/game.dir/Entities/Item/Item.cpp.o
#10 556.6 [ 43%] Building CXX object src/server/game/CMakeFiles/game.dir/Entities/Item/ItemEnchantmentMgr.cpp.o
#10 561.6 [ 43%] Building CXX object src/server/scripts/CMakeFiles/scripts.dir/EasternKingdoms/BlackrockMountain/BlackrockDepths/boss_general_angerforge.cpp.o
#10 564.8 [ 43%] Building CXX object src/server/game/CMakeFiles/game.dir/Entities/Item/ItemTemplate.cpp.o
#10 564.8 [ 43%] Building CXX object src/server/scripts/CMakeFiles/scripts.dir/EasternKingdoms/BlackrockMountain/BlackrockDepths/boss_high_interrogator_gerstahn.cpp.o
#10 566.4 [ 43%] Building CXX object src/server/scripts/CMakeFiles/scripts.dir/EasternKingdoms/BlackrockMountain/BlackrockDepths/boss_magmus.cpp.o
#10 567.4 [ 43%] Building CXX object src/server/scripts/CMakeFiles/scripts.dir/EasternKingdoms/BlackrockMountain/BlackrockDepths/boss_moira_bronzebeard.cpp.o
#10 567.9 [ 43%] Building CXX object src/server/scripts/CMakeFiles/scripts.dir/EasternKingdoms/BlackrockMountain/BlackrockDepths/boss_tomb_of_seven.cpp.o
#10 568.6 [ 43%] Building CXX object src/server/game/CMakeFiles/game.dir/Entities/Item/Container/Bag.cpp.o
#10 569.5 [ 43%] Building CXX object src/server/game/CMakeFiles/game.dir/Entities/Object/MovementInfo.cpp.o
#10 571.0 [ 43%] Building CXX object src/server/game/CMakeFiles/game.dir/Entities/Object/Object.cpp.o
#10 571.8 [ 43%] Building CXX object src/server/scripts/CMakeFiles/scripts.dir/EasternKingdoms/BlackrockMountain/BlackrockDepths/instance_blackrock_depths.cpp.o
#10 575.3 [ 43%] Building CXX object src/server/scripts/CMakeFiles/scripts.dir/EasternKingdoms/BlackrockMountain/BlackrockSpire/boss_drakkisath.cpp.o
#10 576.2 [ 43%] Building CXX object src/server/scripts/CMakeFiles/scripts.dir/EasternKingdoms/BlackrockMountain/BlackrockSpire/boss_gizrul_the_slavener.cpp.o
#10 578.8 [ 43%] Building CXX object src/server/game/CMakeFiles/game.dir/Entities/Object/ObjectGuid.cpp.o
#10 579.5 [ 43%] Building CXX object src/server/game/CMakeFiles/game.dir/Entities/Object/ObjectPosSelector.cpp.o
#10 579.6 [ 43%] Building CXX object src/server/scripts/CMakeFiles/scripts.dir/EasternKingdoms/BlackrockMountain/BlackrockSpire/boss_gyth.cpp.o
#10 582.2 [ 43%] Building CXX object src/server/scripts/CMakeFiles/scripts.dir/EasternKingdoms/BlackrockMountain/BlackrockSpire/boss_halycon.cpp.o
#10 583.3 [ 43%] Building CXX object src/server/scripts/CMakeFiles/scripts.dir/EasternKingdoms/BlackrockMountain/BlackrockSpire/boss_highlord_omokk.cpp.o
#10 585.7 [ 43%] Building CXX object src/server/game/CMakeFiles/game.dir/Entities/Object/Position.cpp.o
#10 586.0 [ 43%] Building CXX object src/server/game/CMakeFiles/game.dir/Entities/Object/Updates/UpdateData.cpp.o
#10 587.0 [ 43%] Building CXX object src/server/scripts/CMakeFiles/scripts.dir/EasternKingdoms/BlackrockMountain/BlackrockSpire/boss_lord_valthalak.cpp.o
#10 589.0 [ 44%] Building CXX object src/server/scripts/CMakeFiles/scripts.dir/EasternKingdoms/BlackrockMountain/BlackrockSpire/boss_mother_smolderweb.cpp.o
#10 589.5 [ 44%] Building CXX object src/server/scripts/CMakeFiles/scripts.dir/EasternKingdoms/BlackrockMountain/BlackrockSpire/boss_overlord_wyrmthalak.cpp.o
#10 591.4 [ 44%] Building CXX object src/server/scripts/CMakeFiles/scripts.dir/EasternKingdoms/BlackrockMountain/BlackrockSpire/boss_pyroguard_emberseer.cpp.o
#10 591.9 [ 44%] Building CXX object src/server/game/CMakeFiles/game.dir/Entities/Object/Updates/UpdateFieldFlags.cpp.o
#10 592.7 [ 44%] Building CXX object src/server/scripts/CMakeFiles/scripts.dir/EasternKingdoms/BlackrockMountain/BlackrockSpire/boss_quartermaster_zigris.cpp.o
#10 593.8 [ 44%] Building CXX object src/server/scripts/CMakeFiles/scripts.dir/EasternKingdoms/BlackrockMountain/BlackrockSpire/boss_rend_blackhand.cpp.o
#10 594.3 [ 44%] Building CXX object src/server/game/CMakeFiles/game.dir/Entities/Pet/Pet.cpp.o
#10 595.6 [ 44%] Building CXX object src/server/game/CMakeFiles/game.dir/Entities/Player/CinematicMgr.cpp.o
#10 596.3 [ 44%] Building CXX object src/server/scripts/CMakeFiles/scripts.dir/EasternKingdoms/BlackrockMountain/BlackrockSpire/boss_shadow_hunter_voshgajin.cpp.o
#10 597.2 [ 44%] Building CXX object src/server/scripts/CMakeFiles/scripts.dir/EasternKingdoms/BlackrockMountain/BlackrockSpire/boss_the_beast.cpp.o
#10 598.3 [ 44%] Building CXX object src/server/scripts/CMakeFiles/scripts.dir/EasternKingdoms/BlackrockMountain/BlackrockSpire/boss_urok_doomhowl.cpp.o
#10 599.5 [ 44%] Building CXX object src/server/game/CMakeFiles/game.dir/Entities/Player/KillRewarder.cpp.o
#10 600.7 [ 44%] Building CXX object src/server/game/CMakeFiles/game.dir/Entities/Player/Player.cpp.o
#10 601.5 [ 44%] Building CXX object src/server/scripts/CMakeFiles/scripts.dir/EasternKingdoms/BlackrockMountain/BlackrockSpire/boss_warmaster_voone.cpp.o
#10 604.5 [ 44%] Building CXX object src/server/scripts/CMakeFiles/scripts.dir/EasternKingdoms/BlackrockMountain/BlackrockSpire/instance_blackrock_spire.cpp.o
#10 606.7 [ 44%] Building CXX object src/server/scripts/CMakeFiles/scripts.dir/EasternKingdoms/BlackrockMountain/BlackwingDescent/blackwing_descent.cpp.o
#10 607.0 [ 44%] Building CXX object src/server/scripts/CMakeFiles/scripts.dir/EasternKingdoms/BlackrockMountain/BlackwingDescent/boss_atramedes.cpp.o
#10 608.7 [ 44%] Building CXX object src/server/game/CMakeFiles/game.dir/Entities/Player/PlayerTaxi.cpp.o
#10 612.9 [ 45%] Building CXX object src/server/game/CMakeFiles/game.dir/Entities/Player/SocialMgr.cpp.o
#10 615.5 [ 45%] Building CXX object src/server/scripts/CMakeFiles/scripts.dir/EasternKingdoms/BlackrockMountain/BlackwingDescent/boss_chimaeron.cpp.o
#10 615.8 [ 45%] Building CXX object src/server/scripts/CMakeFiles/scripts.dir/EasternKingdoms/BlackrockMountain/BlackwingDescent/boss_magmaw.cpp.o
#10 618.8 [ 45%] Building CXX object src/server/scripts/CMakeFiles/scripts.dir/EasternKingdoms/BlackrockMountain/BlackwingDescent/boss_maloriak.cpp.o
#10 624.8 [ 45%] Building CXX object src/server/game/CMakeFiles/game.dir/Entities/Player/TradeData.cpp.o
#10 627.3 [ 45%] Building CXX object src/server/game/CMakeFiles/game.dir/Entities/Totem/Totem.cpp.o
#10 627.9 [ 45%] Building CXX object src/server/game/CMakeFiles/game.dir/Entities/Transport/Transport.cpp.o
#10 629.7 [ 46%] Building CXX object src/server/scripts/CMakeFiles/scripts.dir/EasternKingdoms/BlackrockMountain/BlackwingDescent/boss_nefarians_end.cpp.o
#10 630.5 [ 46%] Building CXX object src/server/scripts/CMakeFiles/scripts.dir/EasternKingdoms/BlackrockMountain/BlackwingDescent/boss_omnotron_defense_system.cpp.o
#10 641.0 [ 46%] Building CXX object src/server/scripts/CMakeFiles/scripts.dir/EasternKingdoms/BlackrockMountain/BlackwingDescent/instance_blackwing_descent.cpp.o
#10 644.4 [ 46%] Building CXX object src/server/game/CMakeFiles/game.dir/Entities/Unit/CharmInfo.cpp.o
#10 645.4 [ 46%] Building CXX object src/server/game/CMakeFiles/game.dir/Entities/Unit/StatSystem.cpp.o
#10 646.6 [ 46%] Building CXX object src/server/scripts/CMakeFiles/scripts.dir/EasternKingdoms/BlackrockMountain/BlackwingLair/boss_broodlord_lashlayer.cpp.o
#10 648.3 [ 46%] Building CXX object src/server/game/CMakeFiles/game.dir/Entities/Unit/Unit.cpp.o
#10 649.4 [ 46%] Building CXX object src/server/game/CMakeFiles/game.dir/Entities/Vehicle/Vehicle.cpp.o
#10 649.8 [ 46%] Building CXX object src/server/scripts/CMakeFiles/scripts.dir/EasternKingdoms/BlackrockMountain/BlackwingLair/boss_chromaggus.cpp.o
#10 653.1 [ 46%] Building CXX object src/server/scripts/CMakeFiles/scripts.dir/EasternKingdoms/BlackrockMountain/BlackwingLair/boss_ebonroc.cpp.o
#10 655.8 [ 46%] Building CXX object src/server/scripts/CMakeFiles/scripts.dir/EasternKingdoms/BlackrockMountain/BlackwingLair/boss_firemaw.cpp.o
#10 658.4 [ 46%] Building CXX object src/server/game/CMakeFiles/game.dir/Events/GameEventMgr.cpp.o
#10 659.3 [ 46%] Building CXX object src/server/scripts/CMakeFiles/scripts.dir/EasternKingdoms/BlackrockMountain/BlackwingLair/boss_flamegor.cpp.o
#10 663.4 [ 46%] Building CXX object src/server/scripts/CMakeFiles/scripts.dir/EasternKingdoms/BlackrockMountain/BlackwingLair/boss_nefarian.cpp.o
#10 667.1 [ 46%] Building CXX object src/server/scripts/CMakeFiles/scripts.dir/EasternKingdoms/BlackrockMountain/BlackwingLair/boss_razorgore.cpp.o
#10 671.9 [ 46%] Building CXX object src/server/scripts/CMakeFiles/scripts.dir/EasternKingdoms/BlackrockMountain/BlackwingLair/boss_vaelastrasz.cpp.o
#10 677.8 [ 46%] Building CXX object src/server/scripts/CMakeFiles/scripts.dir/EasternKingdoms/BlackrockMountain/BlackwingLair/instance_blackwing_lair.cpp.o
#10 681.8 [ 46%] Building CXX object src/server/scripts/CMakeFiles/scripts.dir/EasternKingdoms/BlackrockMountain/MoltenCore/boss_baron_geddon.cpp.o
#10 682.9 [ 46%] Building CXX object src/server/game/CMakeFiles/game.dir/Events/GameEventSender.cpp.o
#10 685.6 [ 46%] Building CXX object src/server/scripts/CMakeFiles/scripts.dir/EasternKingdoms/BlackrockMountain/MoltenCore/boss_garr.cpp.o
#10 685.9 [ 46%] Building CXX object src/server/game/CMakeFiles/game.dir/Globals/ObjectAccessor.cpp.o
#10 689.6 [ 46%] Building CXX object src/server/scripts/CMakeFiles/scripts.dir/EasternKingdoms/BlackrockMountain/MoltenCore/boss_gehennas.cpp.o
#10 689.7 [ 46%] Building CXX object src/server/game/CMakeFiles/game.dir/Globals/ObjectMgr.cpp.o
#10 691.2 [ 47%] Building CXX object src/server/scripts/CMakeFiles/scripts.dir/EasternKingdoms/BlackrockMountain/MoltenCore/boss_golemagg.cpp.o
#10 693.2 [ 47%] Building CXX object src/server/scripts/CMakeFiles/scripts.dir/EasternKingdoms/BlackrockMountain/MoltenCore/boss_lucifron.cpp.o
#10 693.6 [ 47%] Building CXX object src/server/game/CMakeFiles/game.dir/Grids/GridStates.cpp.o
#10 694.9 [ 47%] Building CXX object src/server/game/CMakeFiles/game.dir/Grids/NGrid.cpp.o
#10 696.9 [ 47%] Building CXX object src/server/scripts/CMakeFiles/scripts.dir/EasternKingdoms/BlackrockMountain/MoltenCore/boss_magmadar.cpp.o
#10 697.4 [ 47%] Building CXX object src/server/game/CMakeFiles/game.dir/Grids/ObjectGridLoader.cpp.o
#10 699.8 [ 48%] Building CXX object src/server/game/CMakeFiles/game.dir/Grids/Notifiers/GridNotifiers.cpp.o
#10 700.0 [ 48%] Building CXX object src/server/scripts/CMakeFiles/scripts.dir/EasternKingdoms/BlackrockMountain/MoltenCore/boss_majordomo_executus.cpp.o
#10 703.7 [ 48%] Building CXX object src/server/scripts/CMakeFiles/scripts.dir/EasternKingdoms/BlackrockMountain/MoltenCore/boss_ragnaros.cpp.o
#10 704.2 [ 48%] Building CXX object src/server/game/CMakeFiles/game.dir/Groups/Group.cpp.o
#10 704.4 [ 48%] Building CXX object src/server/game/CMakeFiles/game.dir/Groups/GroupMgr.cpp.o
#10 707.7 [ 48%] Building CXX object src/server/scripts/CMakeFiles/scripts.dir/EasternKingdoms/BlackrockMountain/MoltenCore/boss_shazzrah.cpp.o
#10 712.6 [ 48%] Building CXX object src/server/scripts/CMakeFiles/scripts.dir/EasternKingdoms/BlackrockMountain/MoltenCore/boss_sulfuron_harbinger.cpp.o
#10 713.3 [ 48%] Building CXX object src/server/scripts/CMakeFiles/scripts.dir/EasternKingdoms/BlackrockMountain/MoltenCore/instance_molten_core.cpp.o
#10 716.3 [ 48%] Building CXX object src/server/game/CMakeFiles/game.dir/Groups/GroupReference.cpp.o
#10 716.7 [ 48%] Building CXX object src/server/scripts/CMakeFiles/scripts.dir/EasternKingdoms/Deadmines/boss_admiral_ripsnarl.cpp.o
#10 718.6 [ 48%] Building CXX object src/server/scripts/CMakeFiles/scripts.dir/EasternKingdoms/Deadmines/boss_captain_cookie.cpp.o
#10 718.6 [ 48%] Building CXX object src/server/scripts/CMakeFiles/scripts.dir/EasternKingdoms/Deadmines/boss_foe_reaper_5000.cpp.o
#10 722.4 [ 48%] Building CXX object src/server/scripts/CMakeFiles/scripts.dir/EasternKingdoms/Deadmines/boss_glubtok.cpp.o
#10 723.6 [ 48%] Building CXX object src/server/game/CMakeFiles/game.dir/Guilds/Guild.cpp.o
#10 724.8 [ 48%] Building CXX object src/server/scripts/CMakeFiles/scripts.dir/EasternKingdoms/Deadmines/boss_helix_gearbreaker.cpp.o
#10 729.7 [ 48%] Building CXX object src/server/game/CMakeFiles/game.dir/Guilds/GuildFinderMgr.cpp.o
#10 734.7 [ 48%] Building CXX object src/server/scripts/CMakeFiles/scripts.dir/EasternKingdoms/Deadmines/boss_vanessa_van_cleef.cpp.o
#10 737.9 [ 48%] Building CXX object src/server/game/CMakeFiles/game.dir/Guilds/GuildMgr.cpp.o
#10 742.5 [ 48%] Building CXX object src/server/scripts/CMakeFiles/scripts.dir/EasternKingdoms/Deadmines/deadmines.cpp.o
#10 749.5 [ 49%] Building CXX object src/server/scripts/CMakeFiles/scripts.dir/EasternKingdoms/Deadmines/instance_deadmines.cpp.o
#10 750.5 [ 49%] Building CXX object src/server/scripts/CMakeFiles/scripts.dir/EasternKingdoms/Gilneas/gilneas_chapter_1.cpp.o
#10 754.6 [ 49%] Building CXX object src/server/game/CMakeFiles/game.dir/Handlers/ArenaTeamHandler.cpp.o
#10 755.2 [ 49%] Building CXX object src/server/scripts/CMakeFiles/scripts.dir/EasternKingdoms/Gilneas/gilneas_chapter_2.cpp.o
#10 755.9 [ 49%] Building CXX object src/server/game/CMakeFiles/game.dir/Handlers/AuctionHouseHandler.cpp.o
#10 762.1 [ 49%] Building CXX object src/server/scripts/CMakeFiles/scripts.dir/EasternKingdoms/Gnomeregan/gnomeregan.cpp.o
#10 764.4 [ 49%] Building CXX object src/server/scripts/CMakeFiles/scripts.dir/EasternKingdoms/Gnomeregan/instance_gnomeregan.cpp.o
#10 766.2 [ 49%] Building CXX object src/server/scripts/CMakeFiles/scripts.dir/EasternKingdoms/GrimBatol/boss_drahga_shadowburner.cpp.o
#10 767.0 [ 49%] Building CXX object src/server/game/CMakeFiles/game.dir/Handlers/AuthHandler.cpp.o
#10 770.7 [ 49%] Building CXX object src/server/scripts/CMakeFiles/scripts.dir/EasternKingdoms/GrimBatol/boss_erudax.cpp.o
#10 770.8 [ 49%] Building CXX object src/server/scripts/CMakeFiles/scripts.dir/EasternKingdoms/GrimBatol/boss_forgemaster_throngus.cpp.o
#10 772.1 [ 49%] Building CXX object src/server/scripts/CMakeFiles/scripts.dir/EasternKingdoms/GrimBatol/boss_general_umbriss.cpp.o
#10 776.7 [ 49%] Building CXX object src/server/scripts/CMakeFiles/scripts.dir/EasternKingdoms/GrimBatol/grim_batol.cpp.o
#10 777.7 [ 49%] Building CXX object src/server/game/CMakeFiles/game.dir/Handlers/BattleGroundHandler.cpp.o
#10 780.0 [ 49%] Building CXX object src/server/game/CMakeFiles/game.dir/Handlers/BattlefieldHandler.cpp.o
#10 782.6 [ 49%] Building CXX object src/server/scripts/CMakeFiles/scripts.dir/EasternKingdoms/GrimBatol/instance_grim_batol.cpp.o
#10 787.3 [ 49%] Building CXX object src/server/scripts/CMakeFiles/scripts.dir/EasternKingdoms/Karazhan/boss_curator.cpp.o
#10 788.2 [ 49%] Building CXX object src/server/scripts/CMakeFiles/scripts.dir/EasternKingdoms/Karazhan/boss_maiden_of_virtue.cpp.o
#10 789.1 [ 49%] Building CXX object src/server/game/CMakeFiles/game.dir/Handlers/CalendarHandler.cpp.o
#10 790.8 [ 49%] Building CXX object src/server/scripts/CMakeFiles/scripts.dir/EasternKingdoms/Karazhan/boss_midnight.cpp.o
#10 792.0 [ 49%] Building CXX object src/server/game/CMakeFiles/game.dir/Handlers/ChannelHandler.cpp.o
#10 795.4 [ 49%] Building CXX object src/server/scripts/CMakeFiles/scripts.dir/EasternKingdoms/Karazhan/boss_moroes.cpp.o
#10 798.8 [ 50%] Building CXX object src/server/scripts/CMakeFiles/scripts.dir/EasternKingdoms/Karazhan/boss_netherspite.cpp.o
#10 799.1 [ 50%] Building CXX object src/server/game/CMakeFiles/game.dir/Handlers/CharacterHandler.cpp.o
#10 799.9 [ 50%] Building CXX object src/server/scripts/CMakeFiles/scripts.dir/EasternKingdoms/Karazhan/boss_nightbane.cpp.o
#10 802.0 [ 51%] Building CXX object src/server/game/CMakeFiles/game.dir/Handlers/ChatHandler.cpp.o
#10 804.9 [ 51%] Building CXX object src/server/scripts/CMakeFiles/scripts.dir/EasternKingdoms/Karazhan/boss_prince_malchezaar.cpp.o
#10 809.1 [ 51%] Building CXX object src/server/scripts/CMakeFiles/scripts.dir/EasternKingdoms/Karazhan/boss_shade_of_aran.cpp.o
#10 809.4 [ 51%] Building CXX object src/server/scripts/CMakeFiles/scripts.dir/EasternKingdoms/Karazhan/boss_terestian_illhoof.cpp.o
#10 811.4 [ 51%] Building CXX object src/server/scripts/CMakeFiles/scripts.dir/EasternKingdoms/Karazhan/bosses_opera.cpp.o
#10 812.5 [ 51%] Building CXX object src/server/game/CMakeFiles/game.dir/Handlers/CombatHandler.cpp.o
#10 813.7 [ 51%] Building CXX object src/server/scripts/CMakeFiles/scripts.dir/EasternKingdoms/Karazhan/instance_karazhan.cpp.o
#10 817.0 [ 51%] Building CXX object src/server/game/CMakeFiles/game.dir/Handlers/DuelHandler.cpp.o
#10 817.9 [ 51%] Building CXX object src/server/scripts/CMakeFiles/scripts.dir/EasternKingdoms/Karazhan/karazhan.cpp.o
#10 819.3 [ 51%] Building CXX object src/server/game/CMakeFiles/game.dir/Handlers/GroupHandler.cpp.o
#10 821.0 [ 51%] Building CXX object src/server/game/CMakeFiles/game.dir/Handlers/GuildFinderHandler.cpp.o
#10 823.1 [ 51%] Building CXX object src/server/game/CMakeFiles/game.dir/Handlers/GuildHandler.cpp.o
#10 825.7 [ 51%] Building CXX object src/server/scripts/CMakeFiles/scripts.dir/EasternKingdoms/MagistersTerrace/boss_felblood_kaelthas.cpp.o
#10 828.4 [ 51%] Building CXX object src/server/game/CMakeFiles/game.dir/Handlers/InspectHandler.cpp.o
#10 830.0 [ 51%] Building CXX object src/server/game/CMakeFiles/game.dir/Handlers/ItemHandler.cpp.o
#10 831.1 [ 51%] Building CXX object src/server/scripts/CMakeFiles/scripts.dir/EasternKingdoms/MagistersTerrace/boss_priestess_delrissa.cpp.o
#10 833.8 [ 51%] Building CXX object src/server/scripts/CMakeFiles/scripts.dir/EasternKingdoms/MagistersTerrace/boss_selin_fireheart.cpp.o
#10 834.6 [ 51%] Building CXX object src/server/game/CMakeFiles/game.dir/Handlers/LFGHandler.cpp.o
#10 835.9 [ 51%] Building CXX object src/server/scripts/CMakeFiles/scripts.dir/EasternKingdoms/MagistersTerrace/boss_vexallus.cpp.o
#10 837.0 [ 51%] Building CXX object src/server/game/CMakeFiles/game.dir/Handlers/LootHandler.cpp.o
#10 839.8 [ 51%] Building CXX object src/server/scripts/CMakeFiles/scripts.dir/EasternKingdoms/MagistersTerrace/instance_magisters_terrace.cpp.o
#10 841.7 [ 51%] Building CXX object src/server/game/CMakeFiles/game.dir/Handlers/MailHandler.cpp.o
#10 843.4 [ 51%] Building CXX object src/server/scripts/CMakeFiles/scripts.dir/EasternKingdoms/MagistersTerrace/magisters_terrace.cpp.o
#10 845.1 [ 51%] Building CXX object src/server/scripts/CMakeFiles/scripts.dir/EasternKingdoms/ScarletEnclave/the_scarlet_enclave_chapter_1.cpp.o
#10 846.9 [ 52%] Building CXX object src/server/scripts/CMakeFiles/scripts.dir/EasternKingdoms/ScarletEnclave/the_scarlet_enclave_chapter_2.cpp.o
#10 848.3 [ 52%] Building CXX object src/server/game/CMakeFiles/game.dir/Handlers/MiscHandler.cpp.o
#10 850.4 [ 52%] Building CXX object src/server/game/CMakeFiles/game.dir/Handlers/MovementHandler.cpp.o
#10 851.5 [ 52%] Building CXX object src/server/scripts/CMakeFiles/scripts.dir/EasternKingdoms/ScarletEnclave/the_scarlet_enclave_chapter_5.cpp.o
#10 853.6 [ 52%] Building CXX object src/server/game/CMakeFiles/game.dir/Handlers/NPCHandler.cpp.o
#10 855.8 [ 52%] Building CXX object src/server/scripts/CMakeFiles/scripts.dir/EasternKingdoms/ScarletEnclave/zone_the_scarlet_enclave.cpp.o
#10 858.4 [ 52%] Building CXX object src/server/scripts/CMakeFiles/scripts.dir/EasternKingdoms/ScarletMonastery/boss_arcanist_doan.cpp.o
#10 861.8 [ 52%] Building CXX object src/server/scripts/CMakeFiles/scripts.dir/EasternKingdoms/ScarletMonastery/boss_azshir_the_sleepless.cpp.o
#10 862.7 [ 52%] Building CXX object src/server/scripts/CMakeFiles/scripts.dir/EasternKingdoms/ScarletMonastery/boss_bloodmage_thalnos.cpp.o
#10 864.9 [ 52%] Building CXX object src/server/scripts/CMakeFiles/scripts.dir/EasternKingdoms/ScarletMonastery/boss_headless_horseman.cpp.o
#10 866.1 [ 52%] Building CXX object src/server/game/CMakeFiles/game.dir/Handlers/PetHandler.cpp.o
#10 868.4 [ 52%] Building CXX object src/server/scripts/CMakeFiles/scripts.dir/EasternKingdoms/ScarletMonastery/boss_herod.cpp.o
#10 870.5 [ 52%] Building CXX object src/server/scripts/CMakeFiles/scripts.dir/EasternKingdoms/ScarletMonastery/boss_high_inquisitor_fairbanks.cpp.o
#10 872.0 [ 52%] Building CXX object src/server/scripts/CMakeFiles/scripts.dir/EasternKingdoms/ScarletMonastery/boss_houndmaster_loksey.cpp.o
#10 873.4 [ 52%] Building CXX object src/server/scripts/CMakeFiles/scripts.dir/EasternKingdoms/ScarletMonastery/boss_interrogator_vishas.cpp.o
#10 874.2 [ 53%] Building CXX object src/server/game/CMakeFiles/game.dir/Handlers/PetitionsHandler.cpp.o
#10 875.3 [ 53%] Building CXX object src/server/scripts/CMakeFiles/scripts.dir/EasternKingdoms/ScarletMonastery/boss_mograine_and_whitemane.cpp.o
#10 878.4 [ 53%] Building CXX object src/server/game/CMakeFiles/game.dir/Handlers/QueryHandler.cpp.o
#10 879.1 [ 53%] Building CXX object src/server/scripts/CMakeFiles/scripts.dir/EasternKingdoms/ScarletMonastery/boss_scorn.cpp.o
#10 879.4 [ 53%] Building CXX object src/server/scripts/CMakeFiles/scripts.dir/EasternKingdoms/ScarletMonastery/instance_scarlet_monastery.cpp.o
#10 882.5 [ 53%] Building CXX object src/server/game/CMakeFiles/game.dir/Handlers/QuestHandler.cpp.o
#10 882.9 [ 53%] Building CXX object src/server/scripts/CMakeFiles/scripts.dir/EasternKingdoms/Scholomance/boss_darkmaster_gandling.cpp.o
#10 885.2 [ 54%] Building CXX object src/server/scripts/CMakeFiles/scripts.dir/EasternKingdoms/Scholomance/boss_death_knight_darkreaver.cpp.o
#10 888.0 [ 54%] Building CXX object src/server/game/CMakeFiles/game.dir/Handlers/ReferAFriendHandler.cpp.o
#10 888.2 [ 54%] Building CXX object src/server/game/CMakeFiles/game.dir/Handlers/SkillHandler.cpp.o
#10 888.3 [ 54%] Building CXX object src/server/scripts/CMakeFiles/scripts.dir/EasternKingdoms/Scholomance/boss_doctor_theolen_krastinov.cpp.o
#10 891.8 [ 54%] Building CXX object src/server/scripts/CMakeFiles/scripts.dir/EasternKingdoms/Scholomance/boss_illucia_barov.cpp.o
#10 892.9 [ 54%] Building CXX object src/server/scripts/CMakeFiles/scripts.dir/EasternKingdoms/Scholomance/boss_instructor_malicia.cpp.o
#10 894.7 [ 54%] Building CXX object src/server/scripts/CMakeFiles/scripts.dir/EasternKingdoms/Scholomance/boss_jandice_barov.cpp.o
#10 895.1 [ 54%] Building CXX object src/server/game/CMakeFiles/game.dir/Handlers/SocialHandler.cpp.o
#10 895.6 [ 54%] Building CXX object src/server/game/CMakeFiles/game.dir/Handlers/SpellHandler.cpp.o
#10 896.5 [ 54%] Building CXX object src/server/game/CMakeFiles/game.dir/Handlers/TaxiHandler.cpp.o
#10 898.3 [ 54%] Building CXX object src/server/scripts/CMakeFiles/scripts.dir/EasternKingdoms/Scholomance/boss_kirtonos_the_herald.cpp.o
#10 902.4 [ 54%] Building CXX object src/server/scripts/CMakeFiles/scripts.dir/EasternKingdoms/Scholomance/boss_kormok.cpp.o
#10 902.5 [ 54%] Building CXX object src/server/scripts/CMakeFiles/scripts.dir/EasternKingdoms/Scholomance/boss_lord_alexei_barov.cpp.o
#10 904.5 [ 54%] Building CXX object src/server/scripts/CMakeFiles/scripts.dir/EasternKingdoms/Scholomance/boss_lorekeeper_polkelt.cpp.o
#10 906.4 [ 54%] Building CXX object src/server/game/CMakeFiles/game.dir/Handlers/TicketHandler.cpp.o
#10 906.8 [ 54%] Building CXX object src/server/scripts/CMakeFiles/scripts.dir/EasternKingdoms/Scholomance/boss_ras_frostwhisper.cpp.o
#10 906.9 [ 54%] Building CXX object src/server/game/CMakeFiles/game.dir/Handlers/TradeHandler.cpp.o
#10 908.7 [ 54%] Building CXX object src/server/scripts/CMakeFiles/scripts.dir/EasternKingdoms/Scholomance/boss_the_ravenian.cpp.o
#10 909.9 [ 54%] Building CXX object src/server/game/CMakeFiles/game.dir/Handlers/VehicleHandler.cpp.o
#10 912.1 [ 54%] Building CXX object src/server/scripts/CMakeFiles/scripts.dir/EasternKingdoms/Scholomance/boss_vectus.cpp.o
#10 913.2 [ 54%] Building CXX object src/server/scripts/CMakeFiles/scripts.dir/EasternKingdoms/Scholomance/instance_scholomance.cpp.o
#10 915.9 [ 54%] Building CXX object src/server/scripts/CMakeFiles/scripts.dir/EasternKingdoms/ShadowfangKeep/boss_apothecary_hummel.cpp.o
#10 917.0 [ 54%] Building CXX object src/server/scripts/CMakeFiles/scripts.dir/EasternKingdoms/ShadowfangKeep/boss_baron_ashbury.cpp.o
#10 917.2 [ 54%] Building CXX object src/server/game/CMakeFiles/game.dir/Handlers/VoiceChatHandler.cpp.o
#10 918.7 [ 54%] Building CXX object src/server/game/CMakeFiles/game.dir/Handlers/VoidStorageHandler.cpp.o
#10 922.2 [ 55%] Building CXX object src/server/scripts/CMakeFiles/scripts.dir/EasternKingdoms/ShadowfangKeep/boss_baron_silverlaine.cpp.o
#10 922.6 [ 55%] Building CXX object src/server/scripts/CMakeFiles/scripts.dir/EasternKingdoms/ShadowfangKeep/boss_commander_springvale.cpp.o
#10 923.3 [ 55%] Building CXX object src/server/game/CMakeFiles/game.dir/Instances/InstanceSaveMgr.cpp.o
#10 927.2 [ 55%] Building CXX object src/server/game/CMakeFiles/game.dir/Instances/InstanceScript.cpp.o
#10 928.2 [ 55%] Building CXX object src/server/scripts/CMakeFiles/scripts.dir/EasternKingdoms/ShadowfangKeep/boss_lord_godfrey.cpp.o
#10 929.1 [ 55%] Building CXX object src/server/scripts/CMakeFiles/scripts.dir/EasternKingdoms/ShadowfangKeep/boss_lord_walden.cpp.o
#10 933.0 [ 55%] Building CXX object src/server/scripts/CMakeFiles/scripts.dir/EasternKingdoms/ShadowfangKeep/instance_shadowfang_keep.cpp.o
#10 934.6 [ 55%] Building CXX object src/server/scripts/CMakeFiles/scripts.dir/EasternKingdoms/ShadowfangKeep/shadowfang_keep.cpp.o
#10 934.8 [ 56%] Building CXX object src/server/game/CMakeFiles/game.dir/Loot/Loot.cpp.o
#10 937.9 [ 56%] Building CXX object src/server/scripts/CMakeFiles/scripts.dir/EasternKingdoms/Stratholme/boss_balnazzar.cpp.o
#10 939.8 [ 56%] Building CXX object src/server/scripts/CMakeFiles/scripts.dir/EasternKingdoms/Stratholme/boss_baron_rivendare.cpp.o
#10 941.5 [ 56%] Building CXX object src/server/scripts/CMakeFiles/scripts.dir/EasternKingdoms/Stratholme/boss_baroness_anastari.cpp.o
#10 941.9 [ 56%] Building CXX object src/server/scripts/CMakeFiles/scripts.dir/EasternKingdoms/Stratholme/boss_cannon_master_willey.cpp.o
#10 943.4 [ 56%] Building CXX object src/server/scripts/CMakeFiles/scripts.dir/EasternKingdoms/Stratholme/boss_magistrate_barthilas.cpp.o
#10 945.0 [ 56%] Building CXX object src/server/game/CMakeFiles/game.dir/Loot/LootItemStorage.cpp.o
#10 945.1 [ 56%] Building CXX object src/server/scripts/CMakeFiles/scripts.dir/EasternKingdoms/Stratholme/boss_maleki_the_pallid.cpp.o
#10 945.4 [ 56%] Building CXX object src/server/game/CMakeFiles/game.dir/Loot/LootMgr.cpp.o
#10 946.3 [ 56%] Building CXX object src/server/scripts/CMakeFiles/scripts.dir/EasternKingdoms/Stratholme/boss_nerubenkan.cpp.o
#10 947.9 [ 56%] Building CXX object src/server/game/CMakeFiles/game.dir/Mails/Mail.cpp.o
#10 949.7 [ 56%] Building CXX object src/server/scripts/CMakeFiles/scripts.dir/EasternKingdoms/Stratholme/boss_order_of_silver_hand.cpp.o
#10 953.2 [ 56%] Building CXX object src/server/scripts/CMakeFiles/scripts.dir/EasternKingdoms/Stratholme/boss_postmaster_malown.cpp.o
#10 953.5 [ 56%] Building CXX object src/server/scripts/CMakeFiles/scripts.dir/EasternKingdoms/Stratholme/boss_ramstein_the_gorger.cpp.o
#10 956.3 [ 56%] Building CXX object src/server/game/CMakeFiles/game.dir/Maps/AreaBoundary.cpp.o
#10 956.5 [ 57%] Building CXX object src/server/scripts/CMakeFiles/scripts.dir/EasternKingdoms/Stratholme/boss_timmy_the_cruel.cpp.o
#10 956.8 [ 57%] Building CXX object src/server/scripts/CMakeFiles/scripts.dir/EasternKingdoms/Stratholme/instance_stratholme.cpp.o
#10 958.7 [ 57%] Building CXX object src/server/game/CMakeFiles/game.dir/Maps/GridMap.cpp.o
#10 958.7 [ 57%] Building CXX object src/server/scripts/CMakeFiles/scripts.dir/EasternKingdoms/Stratholme/stratholme.cpp.o
#10 959.5 [ 57%] Building CXX object src/server/scripts/CMakeFiles/scripts.dir/EasternKingdoms/SunkenTemple/instance_sunken_temple.cpp.o
#10 962.5 [ 57%] Building CXX object src/server/game/CMakeFiles/game.dir/Maps/Map.cpp.o
#10 963.7 [ 57%] Building CXX object src/server/game/CMakeFiles/game.dir/Maps/MapManager.cpp.o
#10 965.8 [ 57%] Building CXX object src/server/scripts/CMakeFiles/scripts.dir/EasternKingdoms/SunkenTemple/sunken_temple.cpp.o
#10 965.9 [ 57%] Building CXX object src/server/scripts/CMakeFiles/scripts.dir/EasternKingdoms/SunwellPlateau/boss_brutallus.cpp.o
#10 969.2 [ 57%] Building CXX object src/server/game/CMakeFiles/game.dir/Maps/MapReference.cpp.o
#10 971.1 [ 57%] Building CXX object src/server/scripts/CMakeFiles/scripts.dir/EasternKingdoms/SunwellPlateau/boss_eredar_twins.cpp.o
#10 972.7 [ 57%] Building CXX object src/server/scripts/CMakeFiles/scripts.dir/EasternKingdoms/SunwellPlateau/boss_felmyst.cpp.o
#10 972.8 [ 57%] Building CXX object src/server/game/CMakeFiles/game.dir/Maps/MapScripts.cpp.o
#10 974.6 [ 57%] Building CXX object src/server/game/CMakeFiles/game.dir/Maps/MapUpdater.cpp.o
#10 976.1 [ 57%] Building CXX object src/server/scripts/CMakeFiles/scripts.dir/EasternKingdoms/SunwellPlateau/boss_kalecgos.cpp.o
#10 977.1 [ 57%] Building CXX object src/server/scripts/CMakeFiles/scripts.dir/EasternKingdoms/SunwellPlateau/boss_kiljaeden.cpp.o
#10 983.3 [ 57%] Building CXX object src/server/scripts/CMakeFiles/scripts.dir/EasternKingdoms/SunwellPlateau/boss_muru.cpp.o
#10 983.8 [ 57%] Building CXX object src/server/scripts/CMakeFiles/scripts.dir/EasternKingdoms/SunwellPlateau/instance_sunwell_plateau.cpp.o
#10 984.5 [ 57%] Building CXX object src/server/game/CMakeFiles/game.dir/Maps/TerrainMgr.cpp.o
#10 991.9 [ 57%] Building CXX object src/server/game/CMakeFiles/game.dir/Maps/TransportMgr.cpp.o
#10 991.9 [ 57%] Building CXX object src/server/scripts/CMakeFiles/scripts.dir/EasternKingdoms/SunwellPlateau/sunwell_plateau.cpp.o
#10 995.0 [ 57%] Building CXX object src/server/scripts/CMakeFiles/scripts.dir/EasternKingdoms/TheStockade/boss_hogger.cpp.o
#10 996.1 [ 57%] Building CXX object src/server/scripts/CMakeFiles/scripts.dir/EasternKingdoms/TheStockade/boss_lord_overheat.cpp.o
#10 997.4 [ 57%] Building CXX object src/server/game/CMakeFiles/game.dir/Maps/ZoneScript.cpp.o
#10 999.3 [ 57%] Building CXX object src/server/game/CMakeFiles/game.dir/Miscellaneous/CommonPredicates.cpp.o
#10 1000.4 [ 58%] Building CXX object src/server/scripts/CMakeFiles/scripts.dir/EasternKingdoms/TheStockade/boss_randolph_moloch.cpp.o
#10 1000.6 [ 58%] Building CXX object src/server/scripts/CMakeFiles/scripts.dir/EasternKingdoms/TheStockade/instance_the_stockade.cpp.o
#10 1001.4 [ 58%] Building CXX object src/server/scripts/CMakeFiles/scripts.dir/EasternKingdoms/ThroneOfTheTides/boss_commander_ulthok.cpp.o
#10 1002.9 [ 59%] Building CXX object src/server/game/CMakeFiles/game.dir/Movement/AbstractPursuer.cpp.o
#10 1005.2 [ 59%] Building CXX object src/server/game/CMakeFiles/game.dir/Movement/MotionMaster.cpp.o
#10 1005.3 [ 59%] Building CXX object src/server/game/CMakeFiles/game.dir/Movement/MovementGenerator.cpp.o
#10 1006.6 [ 59%] Building CXX object src/server/game/CMakeFiles/game.dir/Movement/MovementPacketSender.cpp.o
#10 1007.4 [ 59%] Building CXX object src/server/scripts/CMakeFiles/scripts.dir/EasternKingdoms/ThroneOfTheTides/boss_lady_nazjar.cpp.o
#10 1008.6 [ 59%] Building CXX object src/server/game/CMakeFiles/game.dir/Movement/MovementStructures.cpp.o
#10 1009.7 [ 59%] Building CXX object src/server/scripts/CMakeFiles/scripts.dir/EasternKingdoms/ThroneOfTheTides/boss_mindbender_gursha.cpp.o
#10 1012.9 [ 59%] Building CXX object src/server/game/CMakeFiles/game.dir/Movement/PathGenerator.cpp.o
#10 1014.4 [ 59%] Building CXX object src/server/scripts/CMakeFiles/scripts.dir/EasternKingdoms/ThroneOfTheTides/boss_ozumat.cpp.o
#10 1016.4 [ 59%] Building CXX object src/server/scripts/CMakeFiles/scripts.dir/EasternKingdoms/ThroneOfTheTides/instance_throne_of_the_tides.cpp.o
#10 1019.2 [ 59%] Building CXX object src/server/scripts/CMakeFiles/scripts.dir/EasternKingdoms/ThroneOfTheTides/throne_of_the_tides.cpp.o
#10 1021.0 [ 59%] Building CXX object src/server/game/CMakeFiles/game.dir/Movement/MovementGenerators/ChaseMovementGenerator.cpp.o
#10 1023.5 [ 59%] Building CXX object src/server/game/CMakeFiles/game.dir/Movement/MovementGenerators/ConfusedMovementGenerator.cpp.o
#10 1023.7 [ 59%] Building CXX object src/server/scripts/CMakeFiles/scripts.dir/EasternKingdoms/Uldaman/boss_archaedas.cpp.o
#10 1024.9 [ 59%] Building CXX object src/server/game/CMakeFiles/game.dir/Movement/MovementGenerators/CyclicMovementGenerator.cpp.o
#10 1026.4 [ 59%] Building CXX object src/server/scripts/CMakeFiles/scripts.dir/EasternKingdoms/Uldaman/boss_ironaya.cpp.o
#10 1027.2 [ 59%] Building CXX object src/server/scripts/CMakeFiles/scripts.dir/EasternKingdoms/Uldaman/instance_uldaman.cpp.o
#10 1027.8 [ 59%] Building CXX object src/server/scripts/CMakeFiles/scripts.dir/EasternKingdoms/Uldaman/uldaman.cpp.o
#10 1030.3 [ 59%] Building CXX object src/server/scripts/CMakeFiles/scripts.dir/EasternKingdoms/ZulAman/boss_akilzon.cpp.o
#10 1030.5 [ 59%] Building CXX object src/server/game/CMakeFiles/game.dir/Movement/MovementGenerators/FleeingMovementGenerator.cpp.o
#10 1032.4 [ 59%] Building CXX object src/server/scripts/CMakeFiles/scripts.dir/EasternKingdoms/ZulAman/boss_daakara.cpp.o
#10 1035.3 [ 59%] Building CXX object src/server/game/CMakeFiles/game.dir/Movement/MovementGenerators/FlightPathMovementGenerator.cpp.o
#10 1035.4 [ 59%] Building CXX object src/server/scripts/CMakeFiles/scripts.dir/EasternKingdoms/ZulAman/boss_halazzi.cpp.o
#10 1037.4 [ 59%] Building CXX object src/server/game/CMakeFiles/game.dir/Movement/MovementGenerators/FollowMovementGenerator.cpp.o
#10 1038.3 [ 59%] Building CXX object src/server/game/CMakeFiles/game.dir/Movement/MovementGenerators/FormationMovementGenerator.cpp.o
#10 1040.8 [ 59%] Building CXX object src/server/game/CMakeFiles/game.dir/Movement/MovementGenerators/GenericMovementGenerator.cpp.o
#10 1041.0 [ 60%] Building CXX object src/server/scripts/CMakeFiles/scripts.dir/EasternKingdoms/ZulAman/boss_hexlord.cpp.o
#10 1041.9 [ 60%] Building CXX object src/server/game/CMakeFiles/game.dir/Movement/MovementGenerators/HomeMovementGenerator.cpp.o
#10 1044.3 [ 61%] Building CXX object src/server/game/CMakeFiles/game.dir/Movement/MovementGenerators/IdleMovementGenerator.cpp.o
#10 1044.5 [ 61%] Building CXX object src/server/scripts/CMakeFiles/scripts.dir/EasternKingdoms/ZulAman/boss_janalai.cpp.o
#10 1045.4 [ 61%] Building CXX object src/server/game/CMakeFiles/game.dir/Movement/MovementGenerators/PointMovementGenerator.cpp.o
#10 1047.2 [ 61%] Building CXX object src/server/game/CMakeFiles/game.dir/Movement/MovementGenerators/RandomMovementGenerator.cpp.o
#10 1047.7 [ 61%] Building CXX object src/server/scripts/CMakeFiles/scripts.dir/EasternKingdoms/ZulAman/boss_nalorakk.cpp.o
#10 1049.3 [ 61%] Building CXX object src/server/scripts/CMakeFiles/scripts.dir/EasternKingdoms/ZulAman/instance_zulaman.cpp.o
#10 1050.8 [ 61%] Building CXX object src/server/game/CMakeFiles/game.dir/Movement/MovementGenerators/SplineChainMovementGenerator.cpp.o
#10 1051.5 [ 61%] Building CXX object src/server/game/CMakeFiles/game.dir/Movement/MovementGenerators/WaypointMovementGenerator.cpp.o
#10 1052.2 [ 61%] Building CXX object src/server/game/CMakeFiles/game.dir/Movement/Spline/MoveSpline.cpp.o
#10 1054.6 [ 61%] Building CXX object src/server/scripts/CMakeFiles/scripts.dir/EasternKingdoms/ZulAman/zulaman.cpp.o
#10 1059.7 [ 61%] Building CXX object src/server/game/CMakeFiles/game.dir/Movement/Spline/MoveSplineInit.cpp.o
#10 1059.8 [ 61%] Building CXX object src/server/game/CMakeFiles/game.dir/Movement/Spline/MovementPacketBuilder.cpp.o
#10 1061.2 [ 61%] Building CXX object src/server/game/CMakeFiles/game.dir/Movement/Spline/MovementUtil.cpp.o
#10 1062.0 [ 61%] Building CXX object src/server/scripts/CMakeFiles/scripts.dir/EasternKingdoms/ZulGurub/boss_bloodlord_mandokir.cpp.o
#10 1062.8 [ 61%] Building CXX object src/server/scripts/CMakeFiles/scripts.dir/EasternKingdoms/ZulGurub/boss_grilek.cpp.o
#10 1063.5 [ 61%] Building CXX object src/server/scripts/CMakeFiles/scripts.dir/EasternKingdoms/ZulGurub/boss_hazzarah.cpp.o
#10 1063.7 [ 61%] Building CXX object src/server/game/CMakeFiles/game.dir/Movement/Spline/Spline.cpp.o
#10 1066.8 [ 61%] Building CXX object src/server/game/CMakeFiles/game.dir/Movement/Waypoints/WaypointManager.cpp.o
#10 1066.8 [ 61%] Building CXX object src/server/game/CMakeFiles/game.dir/OutdoorPvP/OutdoorPvP.cpp.o
#10 1069.7 [ 61%] Building CXX object src/server/scripts/CMakeFiles/scripts.dir/EasternKingdoms/ZulGurub/boss_high_priest_venoxis.cpp.o
#10 1071.8 [ 61%] Building CXX object src/server/game/CMakeFiles/game.dir/OutdoorPvP/OutdoorPvPMgr.cpp.o
#10 1074.5 [ 61%] Building CXX object src/server/game/CMakeFiles/game.dir/Petitions/PetitionMgr.cpp.o
#10 1078.6 [ 61%] Building CXX object src/server/scripts/CMakeFiles/scripts.dir/EasternKingdoms/ZulGurub/boss_high_priestess_kilnara.cpp.o
#10 1079.0 [ 61%] Building CXX object src/server/scripts/CMakeFiles/scripts.dir/EasternKingdoms/ZulGurub/boss_jindo_the_godbreaker.cpp.o
#10 1079.8 [ 61%] Building CXX object src/server/game/CMakeFiles/game.dir/Phasing/PhaseShift.cpp.o
#10 1082.6 [ 61%] Building CXX object src/server/scripts/CMakeFiles/scripts.dir/EasternKingdoms/ZulGurub/boss_renataki.cpp.o
#10 1083.0 [ 62%] Building CXX object src/server/game/CMakeFiles/game.dir/Phasing/PhasingHandler.cpp.o
#10 1084.0 [ 62%] Building CXX object src/server/scripts/CMakeFiles/scripts.dir/EasternKingdoms/ZulGurub/boss_wushoolay.cpp.o
#10 1085.1 [ 62%] Building CXX object src/server/game/CMakeFiles/game.dir/Pools/PoolMgr.cpp.o
#10 1085.5 [ 62%] Building CXX object src/server/game/CMakeFiles/game.dir/Pools/QuestPools.cpp.o
#10 1086.6 [ 62%] Building CXX object src/server/scripts/CMakeFiles/scripts.dir/EasternKingdoms/ZulGurub/boss_zanzil.cpp.o
#10 1090.7 [ 62%] Building CXX object src/server/scripts/CMakeFiles/scripts.dir/EasternKingdoms/ZulGurub/instance_zulgurub.cpp.o
#10 1092.1 [ 63%] Building CXX object src/server/scripts/CMakeFiles/scripts.dir/EasternKingdoms/ZulGurub/zulgurub.cpp.o
#10 1093.1 [ 63%] Building CXX object src/server/game/CMakeFiles/game.dir/Quests/QuestDef.cpp.o
#10 1093.7 [ 63%] Building CXX object src/server/scripts/CMakeFiles/scripts.dir/Events/childrens_week.cpp.o
#10 1095.6 [ 63%] Building CXX object src/server/scripts/CMakeFiles/scripts.dir/Events/events_script_loader.cpp.o
#10 1096.8 [ 63%] Building CXX object src/server/scripts/CMakeFiles/scripts.dir/Events/fireworks_show.cpp.o
#10 1097.5 [ 63%] Building CXX object src/server/game/CMakeFiles/game.dir/Reputation/ReputationMgr.cpp.o
#10 1097.9 [ 63%] Building CXX object src/server/game/CMakeFiles/game.dir/Scripting/ScriptMgr.cpp.o
#10 1100.3 [ 63%] Building CXX object src/server/scripts/CMakeFiles/scripts.dir/Kalimdor/kalimdor_script_loader.cpp.o
#10 1100.5 [ 63%] Building CXX object src/server/scripts/CMakeFiles/scripts.dir/Kalimdor/zone_ashenvale.cpp.o
#10 1102.6 [ 63%] Building CXX object src/server/game/CMakeFiles/game.dir/Scripting/ScriptReloadMgr.cpp.o
#10 1103.7 [ 63%] Building CXX object src/server/scripts/CMakeFiles/scripts.dir/Kalimdor/zone_azuremyst_isle.cpp.o
#10 1104.7 [ 63%] Building CXX object src/server/scripts/CMakeFiles/scripts.dir/Kalimdor/zone_bloodmyst_isle.cpp.o
#10 1105.6 [ 63%] Building CXX object src/server/game/CMakeFiles/game.dir/Scripting/ScriptSystem.cpp.o
#10 1106.8 [ 63%] Building CXX object src/server/scripts/CMakeFiles/scripts.dir/Kalimdor/zone_desolace.cpp.o
#10 1108.3 [ 63%] Building CXX object src/server/game/CMakeFiles/game.dir/Scripting/ScriptDefines/AllBattlegroundScript.cpp.o
#10 1109.2 [ 63%] Building CXX object src/server/scripts/CMakeFiles/scripts.dir/Kalimdor/zone_durotar.cpp.o
#10 1110.2 [ 63%] Building CXX object src/server/scripts/CMakeFiles/scripts.dir/Kalimdor/zone_felwood.cpp.o
#10 1112.2 [ 63%] Building CXX object src/server/game/CMakeFiles/game.dir/Scripting/ScriptDefines/AllCommandScript.cpp.o
#10 1112.9 [ 63%] Building CXX object src/server/scripts/CMakeFiles/scripts.dir/Kalimdor/zone_moonglade.cpp.o
#10 1113.8 [ 63%] Building CXX object src/server/scripts/CMakeFiles/scripts.dir/Kalimdor/zone_mount_hyjal.cpp.o
#10 1114.4 [ 63%] Building CXX object src/server/scripts/CMakeFiles/scripts.dir/Kalimdor/zone_mulgore.cpp.o
#10 1115.6 [ 63%] Building CXX object src/server/game/CMakeFiles/game.dir/Scripting/ScriptDefines/AllCreatureScript.cpp.o
#10 1117.1 [ 63%] Building CXX object src/server/scripts/CMakeFiles/scripts.dir/Kalimdor/zone_northern_barrens.cpp.o
#10 1117.5 [ 63%] Building CXX object src/server/game/CMakeFiles/game.dir/Scripting/ScriptDefines/AllGameObjectScript.cpp.o
#10 1119.9 [ 64%] Building CXX object src/server/scripts/CMakeFiles/scripts.dir/Kalimdor/zone_silithus.cpp.o
#10 1120.0 [ 64%] Building CXX object src/server/game/CMakeFiles/game.dir/Scripting/ScriptDefines/AllItemScript.cpp.o
#10 1120.5 [ 64%] Building CXX object src/server/game/CMakeFiles/game.dir/Scripting/ScriptDefines/AllMapScript.cpp.o
#10 1122.0 [ 64%] Building CXX object src/server/game/CMakeFiles/game.dir/Scripting/ScriptDefines/AllSpellScript.cpp.o
#10 1122.5 [ 65%] Building CXX object src/server/game/CMakeFiles/game.dir/Scripting/ScriptDefines/ArenaScript.cpp.o
#10 1123.7 [ 65%] Building CXX object src/server/scripts/CMakeFiles/scripts.dir/Kalimdor/zone_southern_barrens.cpp.o
#10 1124.0 [ 65%] Building CXX object src/server/scripts/CMakeFiles/scripts.dir/Kalimdor/zone_tanaris.cpp.o
#10 1124.9 [ 65%] Building CXX object src/server/scripts/CMakeFiles/scripts.dir/Kalimdor/zone_thunder_bluff.cpp.o
#10 1126.0 [ 65%] Building CXX object src/server/game/CMakeFiles/game.dir/Scripting/ScriptDefines/GameEventScript.cpp.o
#10 1126.9 [ 65%] Building CXX object src/server/game/CMakeFiles/game.dir/Scripting/ScriptDefines/GlobalScript.cpp.o
#10 1127.5 [ 65%] Building CXX object src/server/scripts/CMakeFiles/scripts.dir/Kalimdor/zone_uldum.cpp.o
#10 1127.8 [ 65%] Building CXX object src/server/scripts/CMakeFiles/scripts.dir/Kalimdor/zone_ungoro_crater.cpp.o
#10 1128.9 [ 65%] Building CXX object src/server/scripts/CMakeFiles/scripts.dir/Kalimdor/zone_winterspring.cpp.o
#10 1130.1 [ 65%] Building CXX object src/server/game/CMakeFiles/game.dir/Scripting/ScriptDefines/LootScript.cpp.o
#10 1131.4 [ 65%] Building CXX object src/server/game/CMakeFiles/game.dir/Scripting/ScriptDefines/MailScript.cpp.o
#10 1131.8 [ 65%] Building CXX object src/server/scripts/CMakeFiles/scripts.dir/Kalimdor/BlackfathomDeeps/blackfathom_deeps.cpp.o
#10 1132.1 [ 65%] Building CXX object src/server/scripts/CMakeFiles/scripts.dir/Kalimdor/BlackfathomDeeps/boss_aku_mai.cpp.o
#10 1133.5 [ 65%] Building CXX object src/server/scripts/CMakeFiles/scripts.dir/Kalimdor/BlackfathomDeeps/boss_gelihast.cpp.o
#10 1134.8 [ 65%] Building CXX object src/server/game/CMakeFiles/game.dir/Scripting/ScriptDefines/ModuleScript.cpp.o
#10 1134.9 [ 65%] Building CXX object src/server/scripts/CMakeFiles/scripts.dir/Kalimdor/BlackfathomDeeps/boss_kelris.cpp.o
#10 1136.0 [ 65%] Building CXX object src/server/scripts/CMakeFiles/scripts.dir/Kalimdor/BlackfathomDeeps/instance_blackfathom_deeps.cpp.o
#10 1136.9 [ 65%] Building CXX object src/server/game/CMakeFiles/game.dir/Scripting/ScriptDefines/PetScript.cpp.o
#10 1137.5 [ 65%] Building CXX object src/server/game/CMakeFiles/game.dir/Scripting/ScriptDefines/WorldObjectScript.cpp.o
#10 1138.8 [ 65%] Building CXX object src/server/scripts/CMakeFiles/scripts.dir/Kalimdor/CavernsOfTime/BattleForMountHyjal/boss_anetheron.cpp.o
#10 1138.8 [ 65%] Building CXX object src/server/scripts/CMakeFiles/scripts.dir/Kalimdor/CavernsOfTime/BattleForMountHyjal/boss_archimonde.cpp.o
#10 1139.2 [ 65%] Building CXX object src/server/scripts/CMakeFiles/scripts.dir/Kalimdor/CavernsOfTime/BattleForMountHyjal/boss_azgalor.cpp.o
#10 1139.5 [ 65%] Building CXX object src/server/game/CMakeFiles/game.dir/Server/GameClient.cpp.o
#10 1141.5 [ 65%] Building CXX object src/server/game/CMakeFiles/game.dir/Server/Packet.cpp.o
#10 1141.9 [ 65%] Building CXX object src/server/game/CMakeFiles/game.dir/Server/WorldPacket.cpp.o
#10 1142.1 [ 65%] Building CXX object src/server/game/CMakeFiles/game.dir/Server/WorldSession.cpp.o
#10 1142.3 [ 66%] Building CXX object src/server/scripts/CMakeFiles/scripts.dir/Kalimdor/CavernsOfTime/BattleForMountHyjal/boss_kazrogal.cpp.o
#10 1143.5 [ 66%] Building CXX object src/server/scripts/CMakeFiles/scripts.dir/Kalimdor/CavernsOfTime/BattleForMountHyjal/boss_rage_winterchill.cpp.o
#10 1146.4 [ 66%] Building CXX object src/server/scripts/CMakeFiles/scripts.dir/Kalimdor/CavernsOfTime/BattleForMountHyjal/hyjal.cpp.o
#10 1146.7 [ 66%] Building CXX object src/server/game/CMakeFiles/game.dir/Server/WorldSocket.cpp.o
#10 1147.5 [ 66%] Building CXX object src/server/game/CMakeFiles/game.dir/Server/WorldSocketMgr.cpp.o
#10 1152.3 [ 66%] Building CXX object src/server/scripts/CMakeFiles/scripts.dir/Kalimdor/CavernsOfTime/BattleForMountHyjal/hyjalAI.cpp.o
#10 1158.4 [ 66%] Building CXX object src/server/scripts/CMakeFiles/scripts.dir/Kalimdor/CavernsOfTime/BattleForMountHyjal/hyjal_trash.cpp.o
#10 1159.4 [ 66%] Building CXX object src/server/game/CMakeFiles/game.dir/Server/Packets/AchievementPackets.cpp.o
#10 1160.0 [ 66%] Building CXX object src/server/scripts/CMakeFiles/scripts.dir/Kalimdor/CavernsOfTime/BattleForMountHyjal/instance_hyjal.cpp.o
#10 1161.2 [ 67%] Building CXX object src/server/game/CMakeFiles/game.dir/Server/Packets/ArchaeologyPackets.cpp.o
#10 1161.5 [ 67%] Building CXX object src/server/game/CMakeFiles/game.dir/Server/Packets/AuthenticationPackets.cpp.o
#10 1162.1 [ 67%] Building CXX object src/server/game/CMakeFiles/game.dir/Server/Packets/BattlegroundPackets.cpp.o
#10 1163.2 [ 67%] Building CXX object src/server/scripts/CMakeFiles/scripts.dir/Kalimdor/CavernsOfTime/CullingOfStratholme/boss_chrono_lord_epoch.cpp.o
#10 1164.4 [ 67%] Building CXX object src/server/scripts/CMakeFiles/scripts.dir/Kalimdor/CavernsOfTime/CullingOfStratholme/boss_infinite_corruptor.cpp.o
#10 1166.2 [ 67%] Building CXX object src/server/game/CMakeFiles/game.dir/Server/Packets/CharacterPackets.cpp.o
#10 1166.4 [ 67%] Building CXX object src/server/game/CMakeFiles/game.dir/Server/Packets/ChatPackets.cpp.o
#10 1167.1 [ 67%] Building CXX object src/server/scripts/CMakeFiles/scripts.dir/Kalimdor/CavernsOfTime/CullingOfStratholme/boss_mal_ganis.cpp.o
#10 1167.2 [ 67%] Building CXX object src/server/scripts/CMakeFiles/scripts.dir/Kalimdor/CavernsOfTime/CullingOfStratholme/boss_meathook.cpp.o
#10 1168.4 [ 67%] Building CXX object src/server/scripts/CMakeFiles/scripts.dir/Kalimdor/CavernsOfTime/CullingOfStratholme/boss_salramm_the_fleshcrafter.cpp.o
#10 1170.1 [ 67%] Building CXX object src/server/game/CMakeFiles/game.dir/Server/Packets/CombatLogPackets.cpp.o
#10 1170.3 [ 67%] Building CXX object src/server/game/CMakeFiles/game.dir/Server/Packets/CombatPackets.cpp.o
#10 1172.5 [ 67%] Building CXX object src/server/scripts/CMakeFiles/scripts.dir/Kalimdor/CavernsOfTime/CullingOfStratholme/culling_of_stratholme.cpp.o
#10 1172.8 [ 67%] Building CXX object src/server/game/CMakeFiles/game.dir/Server/Packets/GuildPackets.cpp.o
#10 1172.8 [ 67%] Building CXX object src/server/scripts/CMakeFiles/scripts.dir/Kalimdor/CavernsOfTime/CullingOfStratholme/instance_culling_of_stratholme.cpp.o
#10 1173.6 [ 67%] Building CXX object src/server/game/CMakeFiles/game.dir/Server/Packets/InspectPackets.cpp.o
#10 1175.9 [ 67%] Building CXX object src/server/scripts/CMakeFiles/scripts.dir/Kalimdor/CavernsOfTime/CullingOfStratholme/npc_arthas.cpp.o
#10 1178.5 [ 67%] Building CXX object src/server/game/CMakeFiles/game.dir/Server/Packets/InstancePackets.cpp.o
#10 1180.5 [ 67%] Building CXX object src/server/scripts/CMakeFiles/scripts.dir/Kalimdor/CavernsOfTime/DragonSoul/boss_madness_of_deathwing.cpp.o
#10 1180.9 [ 67%] Building CXX object src/server/game/CMakeFiles/game.dir/Server/Packets/ItemPackets.cpp.o
#10 1181.5 [ 67%] Building CXX object src/server/game/CMakeFiles/game.dir/Server/Packets/ItemPacketsCommon.cpp.o
#10 1183.4 [ 67%] Building CXX object src/server/game/CMakeFiles/game.dir/Server/Packets/LFGPackets.cpp.o
#10 1184.2 [ 68%] Building CXX object src/server/scripts/CMakeFiles/scripts.dir/Kalimdor/CavernsOfTime/DragonSoul/instance_dragon_soul.cpp.o
#10 1184.7 [ 68%] Building CXX object src/server/game/CMakeFiles/game.dir/Server/Packets/LFGPacketsCommon.cpp.o
#10 1186.8 [ 68%] Building CXX object src/server/game/CMakeFiles/game.dir/Server/Packets/LootPackets.cpp.o
#10 1187.3 [ 68%] Building CXX object src/server/scripts/CMakeFiles/scripts.dir/Kalimdor/CavernsOfTime/EndTime/boss_echo_of_jaina.cpp.o
#10 1188.7 [ 68%] Building CXX object src/server/scripts/CMakeFiles/scripts.dir/Kalimdor/CavernsOfTime/EndTime/boss_murozond.cpp.o
#10 1189.4 [ 69%] Building CXX object src/server/game/CMakeFiles/game.dir/Server/Packets/MiscPackets.cpp.o
#10 1192.5 [ 69%] Building CXX object src/server/game/CMakeFiles/game.dir/Server/Packets/MovementPackets.cpp.o
#10 1193.3 [ 69%] Building CXX object src/server/scripts/CMakeFiles/scripts.dir/Kalimdor/CavernsOfTime/EndTime/end_time.cpp.o
#10 1193.4 [ 69%] Building CXX object src/server/scripts/CMakeFiles/scripts.dir/Kalimdor/CavernsOfTime/EndTime/instance_end_time.cpp.o
#10 1195.0 [ 69%] Building CXX object src/server/game/CMakeFiles/game.dir/Server/Packets/NPCPackets.cpp.o
#10 1195.9 [ 69%] Building CXX object src/server/scripts/CMakeFiles/scripts.dir/Kalimdor/CavernsOfTime/EscapeFromDurnholdeKeep/boss_captain_skarloc.cpp.o
#10 1196.5 [ 69%] Building CXX object src/server/scripts/CMakeFiles/scripts.dir/Kalimdor/CavernsOfTime/EscapeFromDurnholdeKeep/boss_epoch_hunter.cpp.o
#10 1196.6 [ 69%] Building CXX object src/server/game/CMakeFiles/game.dir/Server/Packets/PacketUtilities.cpp.o
#10 1197.3 [ 69%] Building CXX object src/server/game/CMakeFiles/game.dir/Server/Packets/PartyPackets.cpp.o
#10 1198.5 [ 69%] Building CXX object src/server/game/CMakeFiles/game.dir/Server/Packets/PetPackets.cpp.o
#10 1198.7 [ 69%] Building CXX object src/server/scripts/CMakeFiles/scripts.dir/Kalimdor/CavernsOfTime/EscapeFromDurnholdeKeep/boss_leutenant_drake.cpp.o
#10 1199.2 [ 69%] Building CXX object src/server/game/CMakeFiles/game.dir/Server/Packets/QueryPackets.cpp.o
#10 1200.8 [ 69%] Building CXX object src/server/scripts/CMakeFiles/scripts.dir/Kalimdor/CavernsOfTime/EscapeFromDurnholdeKeep/instance_old_hillsbrad.cpp.o
#10 1201.2 [ 69%] Building CXX object src/server/game/CMakeFiles/game.dir/Server/Packets/QuestPackets.cpp.o
#10 1201.5 [ 69%] Building CXX object src/server/scripts/CMakeFiles/scripts.dir/Kalimdor/CavernsOfTime/EscapeFromDurnholdeKeep/old_hillsbrad.cpp.o
#10 1202.3 [ 69%] Building CXX object src/server/game/CMakeFiles/game.dir/Server/Packets/ReforgePackets.cpp.o
#10 1204.2 [ 69%] Building CXX object src/server/scripts/CMakeFiles/scripts.dir/Kalimdor/CavernsOfTime/HourOfTwilight/instance_hour_of_twilight.cpp.o
#10 1204.6 [ 69%] Building CXX object src/server/game/CMakeFiles/game.dir/Server/Packets/SpellPackets.cpp.o
#10 1204.9 [ 69%] Building CXX object src/server/game/CMakeFiles/game.dir/Server/Packets/SystemPackets.cpp.o
#10 1207.0 [ 69%] Building CXX object src/server/game/CMakeFiles/game.dir/Server/Packets/TalentPackets.cpp.o
#10 1207.2 [ 69%] Building CXX object src/server/scripts/CMakeFiles/scripts.dir/Kalimdor/CavernsOfTime/TheBlackMorass/boss_aeonus.cpp.o
#10 1207.3 [ 69%] Building CXX object src/server/game/CMakeFiles/game.dir/Server/Packets/TicketPackets.cpp.o
#10 1209.5 [ 69%] Building CXX object src/server/game/CMakeFiles/game.dir/Server/Packets/TotemPackets.cpp.o
#10 1209.6 [ 69%] Building CXX object src/server/scripts/CMakeFiles/scripts.dir/Kalimdor/CavernsOfTime/TheBlackMorass/boss_chrono_lord_deja.cpp.o
#10 1210.0 [ 69%] Building CXX object src/server/game/CMakeFiles/game.dir/Server/Packets/TradePackets.cpp.o
#10 1210.1 [ 69%] Building CXX object src/server/scripts/CMakeFiles/scripts.dir/Kalimdor/CavernsOfTime/TheBlackMorass/boss_temporus.cpp.o
#10 1211.8 [ 69%] Building CXX object src/server/scripts/CMakeFiles/scripts.dir/Kalimdor/CavernsOfTime/TheBlackMorass/instance_the_black_morass.cpp.o
#10 1212.8 [ 70%] Building CXX object src/server/game/CMakeFiles/game.dir/Server/Packets/VehiclePackets.cpp.o
#10 1213.8 [ 70%] Building CXX object src/server/game/CMakeFiles/game.dir/Server/Packets/WhoPackets.cpp.o
#10 1213.9 [ 71%] Building CXX object src/server/scripts/CMakeFiles/scripts.dir/Kalimdor/CavernsOfTime/TheBlackMorass/the_black_morass.cpp.o
#10 1215.7 [ 71%] Building CXX object src/server/game/CMakeFiles/game.dir/Server/Packets/WorldStatePackets.cpp.o
#10 1216.3 [ 71%] Building CXX object src/server/scripts/CMakeFiles/scripts.dir/Kalimdor/CavernsOfTime/WellOfEternity/instance_well_of_eternity.cpp.o
#10 1218.3 [ 71%] Building CXX object src/server/game/CMakeFiles/game.dir/Server/Protocol/Opcodes.cpp.o
#10 1219.6 [ 71%] Building CXX object src/server/game/CMakeFiles/game.dir/Server/Protocol/PacketLog.cpp.o
#10 1219.8 [ 71%] Building CXX object src/server/scripts/CMakeFiles/scripts.dir/Kalimdor/DireMaul/instance_dire_maul.cpp.o
#10 1221.4 [ 71%] Building CXX object src/server/scripts/CMakeFiles/scripts.dir/Kalimdor/Firelands/boss_alysrazor.cpp.o
#10 1223.0 [ 71%] Building CXX object src/server/scripts/CMakeFiles/scripts.dir/Kalimdor/Firelands/boss_baleroc.cpp.o
#10 1223.2 [ 71%] Building CXX object src/server/game/CMakeFiles/game.dir/Skills/SkillDiscovery.cpp.o
#10 1226.6 [ 71%] Building CXX object src/server/scripts/CMakeFiles/scripts.dir/Kalimdor/Firelands/boss_lord_rhyolith.cpp.o
#10 1229.3 [ 71%] Building CXX object src/server/game/CMakeFiles/game.dir/Skills/SkillExtraItems.cpp.o
#10 1230.2 [ 71%] Building CXX object src/server/game/CMakeFiles/game.dir/Skills/Archaeology/Archaeology.cpp.o
#10 1233.2 [ 71%] Building CXX object src/server/scripts/CMakeFiles/scripts.dir/Kalimdor/Firelands/boss_majordomo_staghelm.cpp.o
#10 1237.5 [ 71%] Building CXX object src/server/scripts/CMakeFiles/scripts.dir/Kalimdor/Firelands/boss_ragnaros_firelands.cpp.o
#10 1238.4 [ 71%] Building CXX object src/server/scripts/CMakeFiles/scripts.dir/Kalimdor/Firelands/firelands.cpp.o
#10 1241.9 [ 71%] Building CXX object src/server/scripts/CMakeFiles/scripts.dir/Kalimdor/Firelands/instance_firelands.cpp.o
#10 1242.7 [ 71%] Building CXX object src/server/game/CMakeFiles/game.dir/Skills/Archaeology/ArchaeologyMgr.cpp.o
#10 1245.9 [ 71%] Building CXX object src/server/scripts/CMakeFiles/scripts.dir/Kalimdor/HallsOfOrigination/boss_ammunae.cpp.o
#10 1250.7 [ 71%] Building CXX object src/server/scripts/CMakeFiles/scripts.dir/Kalimdor/HallsOfOrigination/boss_anraphet.cpp.o
#10 1250.9 [ 71%] Building CXX object src/server/game/CMakeFiles/game.dir/Skills/Archaeology/ArchaeologyProjects.cpp.o
#10 1256.6 [ 71%] Building CXX object src/server/scripts/CMakeFiles/scripts.dir/Kalimdor/HallsOfOrigination/boss_earthrager_ptah.cpp.o
#10 1257.0 [ 71%] Building CXX object src/server/scripts/CMakeFiles/scripts.dir/Kalimdor/HallsOfOrigination/boss_isiset.cpp.o
#10 1258.0 [ 71%] Building CXX object src/server/scripts/CMakeFiles/scripts.dir/Kalimdor/HallsOfOrigination/boss_rajh.cpp.o
#10 1261.4 [ 71%] Building CXX object src/server/game/CMakeFiles/game.dir/Skills/Archaeology/ArchaeologySites.cpp.o
#10 1263.0 [ 71%] Building CXX object src/server/game/CMakeFiles/game.dir/Skills/Archaeology/SitePolygonGeometry.cpp.o
#10 1263.1 [ 72%] Building CXX object src/server/scripts/CMakeFiles/scripts.dir/Kalimdor/HallsOfOrigination/boss_setesh.cpp.o
#10 1265.1 [ 72%] Building CXX object src/server/scripts/CMakeFiles/scripts.dir/Kalimdor/HallsOfOrigination/boss_temple_guardian_anhuur.cpp.o
#10 1266.4 [ 72%] Building CXX object src/server/game/CMakeFiles/game.dir/Skills/Archaeology/SitePolygonGraph.cpp.o
#10 1266.6 [ 72%] Building CXX object src/server/scripts/CMakeFiles/scripts.dir/Kalimdor/HallsOfOrigination/halls_of_origination.cpp.o
#10 1268.4 [ 72%] Building CXX object src/server/game/CMakeFiles/game.dir/Spells/Spell.cpp.o
#10 1270.1 [ 72%] Building CXX object src/server/scripts/CMakeFiles/scripts.dir/Kalimdor/HallsOfOrigination/instance_halls_of_origination.cpp.o
#10 1270.4 [ 72%] Building CXX object src/server/game/CMakeFiles/game.dir/Spells/SpellEffects.cpp.o
#10 1273.0 [ 72%] Building CXX object src/server/scripts/CMakeFiles/scripts.dir/Kalimdor/LostCityOfTheTolvir/boss_general_husam.cpp.o
#10 1273.7 [ 73%] Building CXX object src/server/game/CMakeFiles/game.dir/Spells/SpellHistory.cpp.o
#10 1279.0 [ 73%] Building CXX object src/server/scripts/CMakeFiles/scripts.dir/Kalimdor/LostCityOfTheTolvir/boss_high_prophet_barim.cpp.o
#10 1280.3 [ 73%] Building CXX object src/server/game/CMakeFiles/game.dir/Spells/SpellInfo.cpp.o
#10 1284.6 [ 73%] Building CXX object src/server/scripts/CMakeFiles/scripts.dir/Kalimdor/LostCityOfTheTolvir/boss_lockmaw_and_augh.cpp.o
#10 1288.8 [ 73%] Building CXX object src/server/scripts/CMakeFiles/scripts.dir/Kalimdor/LostCityOfTheTolvir/boss_siamat.cpp.o
#10 1289.6 [ 73%] Building CXX object src/server/scripts/CMakeFiles/scripts.dir/Kalimdor/LostCityOfTheTolvir/instance_lost_city_of_the_tolvir.cpp.o
#10 1290.0 [ 73%] Building CXX object src/server/scripts/CMakeFiles/scripts.dir/Kalimdor/LostCityOfTheTolvir/lost_city_of_the_tolvir.cpp.o
#10 1290.4 [ 73%] Building CXX object src/server/game/CMakeFiles/game.dir/Spells/SpellMgr.cpp.o
#10 1292.7 [ 73%] Building CXX object src/server/scripts/CMakeFiles/scripts.dir/Kalimdor/Maraudon/boss_celebras_the_cursed.cpp.o
#10 1292.9 [ 73%] Building CXX object src/server/scripts/CMakeFiles/scripts.dir/Kalimdor/Maraudon/boss_landslide.cpp.o
#10 1295.1 [ 73%] Building CXX object src/server/scripts/CMakeFiles/scripts.dir/Kalimdor/Maraudon/boss_noxxion.cpp.o
#10 1295.1 [ 73%] Building CXX object src/server/scripts/CMakeFiles/scripts.dir/Kalimdor/Maraudon/boss_princess_theradras.cpp.o
#10 1295.4 [ 73%] Building CXX object src/server/scripts/CMakeFiles/scripts.dir/Kalimdor/Maraudon/instance_maraudon.cpp.o
#10 1297.8 [ 74%] Building CXX object src/server/scripts/CMakeFiles/scripts.dir/Kalimdor/OnyxiasLair/boss_onyxia.cpp.o
#10 1298.0 [ 74%] Building CXX object src/server/scripts/CMakeFiles/scripts.dir/Kalimdor/OnyxiasLair/instance_onyxias_lair.cpp.o
#10 1298.3 [ 74%] Building CXX object src/server/game/CMakeFiles/game.dir/Spells/SpellScript.cpp.o
#10 1301.2 [ 74%] Building CXX object src/server/scripts/CMakeFiles/scripts.dir/Kalimdor/RagefireChasm/instance_ragefire_chasm.cpp.o
#10 1302.0 [ 74%] Building CXX object src/server/scripts/CMakeFiles/scripts.dir/Kalimdor/RazorfenDowns/boss_amnennar_the_coldbringer.cpp.o
#10 1304.5 [ 74%] Building CXX object src/server/game/CMakeFiles/game.dir/Spells/Auras/SpellAuraEffects.cpp.o
#10 1305.0 [ 74%] Building CXX object src/server/scripts/CMakeFiles/scripts.dir/Kalimdor/RazorfenDowns/boss_glutton.cpp.o
#10 1308.6 [ 74%] Building CXX object src/server/scripts/CMakeFiles/scripts.dir/Kalimdor/RazorfenDowns/boss_mordresh_fire_eye.cpp.o
#10 1309.8 [ 74%] Building CXX object src/server/game/CMakeFiles/game.dir/Spells/Auras/SpellAuras.cpp.o
#10 1311.1 [ 74%] Building CXX object src/server/scripts/CMakeFiles/scripts.dir/Kalimdor/RazorfenDowns/boss_tuten_kash.cpp.o
#10 1314.1 [ 74%] Building CXX object src/server/scripts/CMakeFiles/scripts.dir/Kalimdor/RazorfenDowns/instance_razorfen_downs.cpp.o
#10 1317.1 [ 74%] Building CXX object src/server/game/CMakeFiles/game.dir/Storages/WhoListStorage.cpp.o
#10 1317.5 [ 74%] Building CXX object src/server/scripts/CMakeFiles/scripts.dir/Kalimdor/RazorfenDowns/razorfen_downs.cpp.o
#10 1319.7 [ 74%] Building CXX object src/server/game/CMakeFiles/game.dir/Texts/ChatTextBuilder.cpp.o
#10 1320.2 [ 74%] Building CXX object src/server/game/CMakeFiles/game.dir/Texts/CreatureTextMgr.cpp.o
#10 1320.3 [ 74%] Building CXX object src/server/scripts/CMakeFiles/scripts.dir/Kalimdor/RazorfenKraul/instance_razorfen_kraul.cpp.o
#10 1321.2 [ 74%] Building CXX object src/server/scripts/CMakeFiles/scripts.dir/Kalimdor/RazorfenKraul/razorfen_kraul.cpp.o
#10 1323.0 [ 74%] Building CXX object src/server/scripts/CMakeFiles/scripts.dir/Kalimdor/RuinsOfAhnQiraj/boss_ayamiss.cpp.o
#10 1323.4 [ 74%] Building CXX object src/server/scripts/CMakeFiles/scripts.dir/Kalimdor/RuinsOfAhnQiraj/boss_buru.cpp.o
#10 1323.9 [ 74%] Building CXX object src/server/scripts/CMakeFiles/scripts.dir/Kalimdor/RuinsOfAhnQiraj/boss_kurinnaxx.cpp.o
#10 1326.0 [ 74%] Building CXX object src/server/game/CMakeFiles/game.dir/Tickets/TicketMgr.cpp.o
#10 1327.0 [ 74%] Building CXX object src/server/game/CMakeFiles/game.dir/Time/GameTime.cpp.o
#10 1327.3 [ 74%] Building CXX object src/server/scripts/CMakeFiles/scripts.dir/Kalimdor/RuinsOfAhnQiraj/boss_moam.cpp.o
#10 1329.1 [ 75%] Building CXX object src/server/scripts/CMakeFiles/scripts.dir/Kalimdor/RuinsOfAhnQiraj/boss_ossirian.cpp.o
#10 1330.4 [ 75%] Building CXX object src/server/game/CMakeFiles/game.dir/Time/UpdateTime.cpp.o
#10 1330.9 [ 75%] Building CXX object src/server/scripts/CMakeFiles/scripts.dir/Kalimdor/RuinsOfAhnQiraj/boss_rajaxx.cpp.o
#10 1332.1 [ 75%] Building CXX object src/server/scripts/CMakeFiles/scripts.dir/Kalimdor/RuinsOfAhnQiraj/instance_ruins_of_ahnqiraj.cpp.o
#10 1333.4 [ 75%] Building CXX object src/server/game/CMakeFiles/game.dir/Tools/CharacterDatabaseCleaner.cpp.o
#10 1333.5 [ 75%] Building CXX object src/server/scripts/CMakeFiles/scripts.dir/Kalimdor/TempleOfAhnQiraj/boss_bug_trio.cpp.o
#10 1335.2 [ 75%] Building CXX object src/server/game/CMakeFiles/game.dir/Tools/PlayerDump.cpp.o
#10 1335.6 [ 75%] Building CXX object src/server/scripts/CMakeFiles/scripts.dir/Kalimdor/TempleOfAhnQiraj/boss_cthun.cpp.o
#10 1336.7 [ 75%] Building CXX object src/server/game/CMakeFiles/game.dir/Warden/Warden.cpp.o
#10 1339.9 [ 76%] Building CXX object src/server/game/CMakeFiles/game.dir/Warden/WardenCheckMgr.cpp.o
#10 1340.0 [ 76%] Building CXX object src/server/scripts/CMakeFiles/scripts.dir/Kalimdor/TempleOfAhnQiraj/boss_fankriss.cpp.o
#10 1344.4 [ 76%] Building CXX object src/server/scripts/CMakeFiles/scripts.dir/Kalimdor/TempleOfAhnQiraj/boss_huhuran.cpp.o
#10 1344.6 [ 76%] Building CXX object src/server/scripts/CMakeFiles/scripts.dir/Kalimdor/TempleOfAhnQiraj/boss_ouro.cpp.o
#10 1345.3 [ 76%] Building CXX object src/server/scripts/CMakeFiles/scripts.dir/Kalimdor/TempleOfAhnQiraj/boss_sartura.cpp.o
#10 1346.6 [ 76%] Building CXX object src/server/game/CMakeFiles/game.dir/Warden/WardenMac.cpp.o
#10 1347.1 [ 76%] Building CXX object src/server/game/CMakeFiles/game.dir/Warden/WardenWin.cpp.o
#10 1347.6 [ 76%] Building CXX object src/server/game/CMakeFiles/game.dir/Weather/Weather.cpp.o
#10 1348.1 [ 76%] Building CXX object src/server/scripts/CMakeFiles/scripts.dir/Kalimdor/TempleOfAhnQiraj/boss_skeram.cpp.o
#10 1352.6 [ 76%] Building CXX object src/server/scripts/CMakeFiles/scripts.dir/Kalimdor/TempleOfAhnQiraj/boss_twinemperors.cpp.o
#10 1354.1 [ 76%] Building CXX object src/server/game/CMakeFiles/game.dir/Weather/WeatherMgr.cpp.o
#10 1354.3 /src/src/server/game/Warden/WardenWin.cpp: In member function 'virtual void WardenWin::HandleData(ByteBuffer&)':
#10 1354.3 /src/src/server/game/Warden/WardenWin.cpp:394:27: warning: argument 2 null where non-null expected [-Wnonnull]
#10 1354.3   394 |                 if (memcmp(buff.contents() + buff.rpos(), rs->Result.ToByteArray<0>(false).data(), rd->Length) != 0)
#10 1354.3       |                     ~~~~~~^~~~~~~~~~~~~~~~~~~~~~~~~~~~~~~~~~~~~~~~~~~~~~~~~~~~~~~~~~~~~~~~~~~~~~~~~~~~~~~~~~~~
#10 1354.3 In file included from /usr/include/c++/11/cstring:42,
#10 1354.3                  from /src/src/server/shared/Packets/ByteBuffer.h:26,
#10 1354.3                  from /src/src/server/game/Entities/Object/Updates/UpdateMask.h:23,
#10 1354.3                  from /src/src/server/game/Entities/Object/Object.h:36,
#10 1354.3                  from /src/src/server/game/Entities/Unit/Unit.h:21,
#10 1354.3                  from /src/src/server/game/Entities/Creature/Creature.h:21,
#10 1354.3                  from /src/src/server/game/PrecompiledHeaders/gamePCH.h:20,
#10 1354.3                  from /src/build/src/server/game/CMakeFiles/game.dir/cmake_pch.hxx:5,
#10 1354.3                  from <command-line>:
#10 1354.3 /usr/include/string.h:64:12: note: in a call to function 'int memcmp(const void*, const void*, size_t)' declared 'nonnull'
#10 1354.3    64 | extern int memcmp (const void *__s1, const void *__s2, size_t __n)
#10 1354.3       |            ^~~~~~
#10 1354.3 /src/src/server/game/Warden/WardenWin.cpp:473:27: warning: argument 2 null where non-null expected [-Wnonnull]
#10 1354.3   473 |                 if (memcmp(buff.contents() + buff.rpos(), rs->Result.ToByteArray<0>(false).data(), 20) != 0) // SHA1
#10 1354.3       |                     ~~~~~~^~~~~~~~~~~~~~~~~~~~~~~~~~~~~~~~~~~~~~~~~~~~~~~~~~~~~~~~~~~~~~~~~~~~~~~~~~~~
#10 1354.3 In file included from /usr/include/c++/11/cstring:42,
#10 1354.3                  from /src/src/server/shared/Packets/ByteBuffer.h:26,
#10 1354.3                  from /src/src/server/game/Entities/Object/Updates/UpdateMask.h:23,
#10 1354.3                  from /src/src/server/game/Entities/Object/Object.h:36,
#10 1354.3                  from /src/src/server/game/Entities/Unit/Unit.h:21,
#10 1354.3                  from /src/src/server/game/Entities/Creature/Creature.h:21,
#10 1354.3                  from /src/src/server/game/PrecompiledHeaders/gamePCH.h:20,
#10 1354.3                  from /src/build/src/server/game/CMakeFiles/game.dir/cmake_pch.hxx:5,
#10 1354.3                  from <command-line>:
#10 1354.3 /usr/include/string.h:64:12: note: in a call to function 'int memcmp(const void*, const void*, size_t)' declared 'nonnull'
#10 1354.3    64 | extern int memcmp (const void *__s1, const void *__s2, size_t __n)
#10 1354.3       |            ^~~~~~
#10 1354.6 [ 76%] Building CXX object src/server/scripts/CMakeFiles/scripts.dir/Kalimdor/TempleOfAhnQiraj/boss_viscidus.cpp.o
#10 1355.9 [ 76%] Building CXX object src/server/game/CMakeFiles/game.dir/World/World.cpp.o
#10 1356.5 [ 76%] Building CXX object src/server/scripts/CMakeFiles/scripts.dir/Kalimdor/TempleOfAhnQiraj/instance_temple_of_ahnqiraj.cpp.o
#10 1357.3 [ 76%] Building CXX object src/server/game/CMakeFiles/game.dir/World/WorldStates/WorldStateMgr.cpp.o
#10 1359.4 [ 76%] Building CXX object src/server/scripts/CMakeFiles/scripts.dir/Kalimdor/TempleOfAhnQiraj/mob_anubisath_sentinel.cpp.o
#10 1360.2 [ 76%] Building CXX object src/server/scripts/CMakeFiles/scripts.dir/Kalimdor/ThroneOfTheFourWinds/boss_alakir.cpp.o
#10 1362.4 [ 77%] Building CXX object src/server/scripts/CMakeFiles/scripts.dir/Kalimdor/ThroneOfTheFourWinds/boss_conclave_of_wind.cpp.o
#10 1364.5 [ 77%] Building CXX object src/server/scripts/CMakeFiles/scripts.dir/Kalimdor/ThroneOfTheFourWinds/instance_throne_of_the_four_winds.cpp.o
#10 1367.8 [ 77%] Building CXX object src/server/scripts/CMakeFiles/scripts.dir/Kalimdor/ThroneOfTheFourWinds/throne_of_the_four_winds.cpp.o
#10 1369.0 [ 77%] Building CXX object src/server/scripts/CMakeFiles/scripts.dir/Kalimdor/VortexPinnacle/boss_altairus.cpp.o
#10 1369.9 [ 77%] Building CXX object src/server/scripts/CMakeFiles/scripts.dir/Kalimdor/VortexPinnacle/boss_asaad.cpp.o
#10 1371.6 [ 77%] Building CXX object src/server/scripts/CMakeFiles/scripts.dir/Kalimdor/VortexPinnacle/boss_grand_vizier_ertan.cpp.o
#10 1374.8 [ 77%] Building CXX object src/server/scripts/CMakeFiles/scripts.dir/Kalimdor/VortexPinnacle/instance_vortex_pinnacle.cpp.o
#10 1375.9 [ 77%] Building CXX object src/server/scripts/CMakeFiles/scripts.dir/Kalimdor/VortexPinnacle/vortex_pinnacle.cpp.o
#10 1376.8 [ 77%] Building CXX object src/server/scripts/CMakeFiles/scripts.dir/Kalimdor/WailingCaverns/boss_kresh.cpp.o
#10 1378.1 [ 77%] Building CXX object src/server/scripts/CMakeFiles/scripts.dir/Kalimdor/WailingCaverns/boss_lady_anacondra.cpp.o
#10 1379.5 [ 77%] Building CXX object src/server/scripts/CMakeFiles/scripts.dir/Kalimdor/WailingCaverns/boss_lord_cobrahn.cpp.o
#10 1380.9 [ 77%] Building CXX object src/server/scripts/CMakeFiles/scripts.dir/Kalimdor/WailingCaverns/boss_lord_pythas.cpp.o
#10 1382.2 [ 77%] Building CXX object src/server/scripts/CMakeFiles/scripts.dir/Kalimdor/WailingCaverns/boss_lord_serpentis.cpp.o
#10 1383.5 [ 77%] Building CXX object src/server/scripts/CMakeFiles/scripts.dir/Kalimdor/WailingCaverns/boss_skum.cpp.o
#10 1383.6 [ 77%] Building CXX object src/server/scripts/CMakeFiles/scripts.dir/Kalimdor/WailingCaverns/boss_verdan_the_everliving.cpp.o
#10 1384.9 [ 78%] Building CXX object src/server/scripts/CMakeFiles/scripts.dir/Kalimdor/WailingCaverns/instance_wailing_caverns.cpp.o
#10 1386.1 [ 78%] Building CXX object src/server/scripts/CMakeFiles/scripts.dir/Kalimdor/WailingCaverns/wailing_caverns.cpp.o
#10 1386.4 [ 78%] Building CXX object src/server/scripts/CMakeFiles/scripts.dir/Kalimdor/ZulFarrak/boss_zum_rah.cpp.o
#10 1387.8 [ 78%] Building CXX object src/server/scripts/CMakeFiles/scripts.dir/Kalimdor/ZulFarrak/instance_zulfarrak.cpp.o
#10 1389.0 [ 78%] Building CXX object src/server/scripts/CMakeFiles/scripts.dir/Maelstrom/kezan.cpp.o
#10 1389.0 [ 78%] Building CXX object src/server/scripts/CMakeFiles/scripts.dir/Kalimdor/ZulFarrak/zulfarrak.cpp.o
#10 1390.9 [ 78%] Building CXX object src/server/scripts/CMakeFiles/scripts.dir/Maelstrom/maelstrom_script_loader.cpp.o
#10 1391.6 [ 78%] Building CXX object src/server/scripts/CMakeFiles/scripts.dir/Maelstrom/zone_deepholm.cpp.o
#10 1392.0 [ 78%] Building CXX object src/server/scripts/CMakeFiles/scripts.dir/Maelstrom/Stonecore/boss_corborus.cpp.o
#10 1393.2 [ 78%] Building CXX object src/server/scripts/CMakeFiles/scripts.dir/Maelstrom/Stonecore/boss_high_priestess_azil.cpp.o
#10 1395.2 [ 78%] Building CXX object src/server/scripts/CMakeFiles/scripts.dir/Maelstrom/Stonecore/boss_ozruk.cpp.o
#10 1396.5 [ 78%] Building CXX object src/server/scripts/CMakeFiles/scripts.dir/Maelstrom/Stonecore/boss_slabhide.cpp.o
#10 1399.8 [ 78%] Building CXX object src/server/scripts/CMakeFiles/scripts.dir/Maelstrom/Stonecore/instance_stonecore.cpp.o
#10 1400.0 [ 78%] Building CXX object src/server/scripts/CMakeFiles/scripts.dir/Maelstrom/Stonecore/stonecore.cpp.o
#10 1400.8 [ 78%] Building CXX object src/server/scripts/CMakeFiles/scripts.dir/Northrend/northrend_script_loader.cpp.o
#10 1403.1 [ 79%] Building CXX object src/server/scripts/CMakeFiles/scripts.dir/Northrend/zone_borean_tundra.cpp.o
#10 1403.3 [ 79%] Building CXX object src/server/scripts/CMakeFiles/scripts.dir/Northrend/zone_crystalsong_forest.cpp.o
#10 1405.0 [ 79%] Building CXX object src/server/scripts/CMakeFiles/scripts.dir/Northrend/zone_dalaran.cpp.o
#10 1405.8 [ 79%] Building CXX object src/server/scripts/CMakeFiles/scripts.dir/Northrend/zone_dragonblight.cpp.o
#10 1408.1 [ 79%] Building CXX object src/server/scripts/CMakeFiles/scripts.dir/Northrend/zone_grizzly_hills.cpp.o
#10 1410.3 [ 79%] Building CXX object src/server/scripts/CMakeFiles/scripts.dir/Northrend/zone_howling_fjord.cpp.o
#10 1410.4 [ 79%] Building CXX object src/server/scripts/CMakeFiles/scripts.dir/Northrend/zone_icecrown.cpp.o
#10 1413.3 [ 79%] Building CXX object src/server/scripts/CMakeFiles/scripts.dir/Northrend/zone_sholazar_basin.cpp.o
#10 1413.4 [ 79%] Linking CXX static library libgame.a
#10 1413.4 [ 79%] Building CXX object src/server/scripts/CMakeFiles/scripts.dir/Northrend/zone_storm_peaks.cpp.o
#10 1414.0 [ 79%] Building CXX object src/server/scripts/CMakeFiles/scripts.dir/Northrend/zone_wintergrasp.cpp.o
#10 1418.1 [ 79%] Building CXX object src/server/scripts/CMakeFiles/scripts.dir/Northrend/zone_zuldrak.cpp.o
#10 1418.8 [ 79%] Building CXX object src/server/scripts/CMakeFiles/scripts.dir/Northrend/AzjolNerub/Ahnkahet/boss_amanitar.cpp.o
#10 1421.6 [ 79%] Building CXX object src/server/scripts/CMakeFiles/scripts.dir/Northrend/AzjolNerub/Ahnkahet/boss_elder_nadox.cpp.o
#10 1421.6 [ 79%] Building CXX object src/server/scripts/CMakeFiles/scripts.dir/Northrend/AzjolNerub/Ahnkahet/boss_herald_volazj.cpp.o
#10 1423.6 [ 79%] Building CXX object src/server/scripts/CMakeFiles/scripts.dir/Northrend/AzjolNerub/Ahnkahet/boss_jedoga_shadowseeker.cpp.o
#10 1425.1 [ 80%] Building CXX object src/server/scripts/CMakeFiles/scripts.dir/Northrend/AzjolNerub/Ahnkahet/boss_prince_taldaram.cpp.o
#10 1425.6 [ 80%] Building CXX object src/server/scripts/CMakeFiles/scripts.dir/Northrend/AzjolNerub/Ahnkahet/instance_ahnkahet.cpp.o
#10 1426.7 [ 80%] Building CXX object src/server/scripts/CMakeFiles/scripts.dir/Northrend/AzjolNerub/AzjolNerub/boss_anubarak.cpp.o
#10 1428.8 [ 80%] Building CXX object src/server/scripts/CMakeFiles/scripts.dir/Northrend/AzjolNerub/AzjolNerub/boss_hadronox.cpp.o
#10 1429.5 [ 80%] Building CXX object src/server/scripts/CMakeFiles/scripts.dir/Northrend/AzjolNerub/AzjolNerub/boss_krikthir_the_gatewatcher.cpp.o
#10 1431.4 [ 80%] Building CXX object src/server/scripts/CMakeFiles/scripts.dir/Northrend/AzjolNerub/AzjolNerub/instance_azjol_nerub.cpp.o
#10 1434.2 [ 80%] Building CXX object src/server/scripts/CMakeFiles/scripts.dir/Northrend/ChamberOfAspects/ObsidianSanctum/boss_sartharion.cpp.o
#10 1434.3 [ 80%] Building CXX object src/server/scripts/CMakeFiles/scripts.dir/Northrend/ChamberOfAspects/ObsidianSanctum/instance_obsidian_sanctum.cpp.o
#10 1434.9 [ 80%] Building CXX object src/server/scripts/CMakeFiles/scripts.dir/Northrend/ChamberOfAspects/ObsidianSanctum/obsidian_sanctum.cpp.o
#10 1437.0 [ 80%] Building CXX object src/server/scripts/CMakeFiles/scripts.dir/Northrend/ChamberOfAspects/RubySanctum/boss_baltharus_the_warborn.cpp.o
#10 1437.5 [ 80%] Building CXX object src/server/scripts/CMakeFiles/scripts.dir/Northrend/ChamberOfAspects/RubySanctum/boss_general_zarithrian.cpp.o
#10 1438.3 [ 80%] Building CXX object src/server/scripts/CMakeFiles/scripts.dir/Northrend/ChamberOfAspects/RubySanctum/boss_halion.cpp.o
#10 1440.5 [ 80%] Building CXX object src/server/scripts/CMakeFiles/scripts.dir/Northrend/ChamberOfAspects/RubySanctum/boss_saviana_ragefire.cpp.o
#10 1440.7 [ 80%] Building CXX object src/server/scripts/CMakeFiles/scripts.dir/Northrend/ChamberOfAspects/RubySanctum/instance_ruby_sanctum.cpp.o
#10 1443.7 [ 80%] Building CXX object src/server/scripts/CMakeFiles/scripts.dir/Northrend/ChamberOfAspects/RubySanctum/ruby_sanctum.cpp.o
#10 1444.3 [ 81%] Building CXX object src/server/scripts/CMakeFiles/scripts.dir/Northrend/CrusadersColiseum/TrialOfTheChampion/boss_argent_challenge.cpp.o
#10 1447.0 [ 81%] Building CXX object src/server/scripts/CMakeFiles/scripts.dir/Northrend/CrusadersColiseum/TrialOfTheChampion/boss_black_knight.cpp.o
#10 1447.4 [ 81%] Building CXX object src/server/scripts/CMakeFiles/scripts.dir/Northrend/CrusadersColiseum/TrialOfTheChampion/boss_grand_champions.cpp.o
#10 1448.3 [ 81%] Building CXX object src/server/scripts/CMakeFiles/scripts.dir/Northrend/CrusadersColiseum/TrialOfTheChampion/instance_trial_of_the_champion.cpp.o
#10 1450.1 [ 81%] Building CXX object src/server/scripts/CMakeFiles/scripts.dir/Northrend/CrusadersColiseum/TrialOfTheChampion/trial_of_the_champion.cpp.o
#10 1450.8 [ 81%] Building CXX object src/server/scripts/CMakeFiles/scripts.dir/Northrend/CrusadersColiseum/TrialOfTheCrusader/boss_anubarak_trial.cpp.o
#10 1453.3 [ 81%] Building CXX object src/server/scripts/CMakeFiles/scripts.dir/Northrend/CrusadersColiseum/TrialOfTheCrusader/boss_faction_champions.cpp.o
#10 1454.4 [ 81%] Building CXX object src/server/scripts/CMakeFiles/scripts.dir/Northrend/CrusadersColiseum/TrialOfTheCrusader/boss_lord_jaraxxus.cpp.o
#10 1456.2 [ 81%] Building CXX object src/server/scripts/CMakeFiles/scripts.dir/Northrend/CrusadersColiseum/TrialOfTheCrusader/boss_northrend_beasts.cpp.o
#10 1459.8 [ 81%] Building CXX object src/server/scripts/CMakeFiles/scripts.dir/Northrend/CrusadersColiseum/TrialOfTheCrusader/boss_twin_valkyr.cpp.o
#10 1461.0 [ 81%] Building CXX object src/server/scripts/CMakeFiles/scripts.dir/Northrend/CrusadersColiseum/TrialOfTheCrusader/instance_trial_of_the_crusader.cpp.o
#10 1463.0 [ 81%] Building CXX object src/server/scripts/CMakeFiles/scripts.dir/Northrend/CrusadersColiseum/TrialOfTheCrusader/trial_of_the_crusader.cpp.o
#10 1466.0 [ 81%] Building CXX object src/server/scripts/CMakeFiles/scripts.dir/Northrend/DraktharonKeep/boss_king_dred.cpp.o
#10 1466.8 [ 81%] Building CXX object src/server/scripts/CMakeFiles/scripts.dir/Northrend/DraktharonKeep/boss_novos.cpp.o
#10 1469.3 [ 81%] Building CXX object src/server/scripts/CMakeFiles/scripts.dir/Northrend/DraktharonKeep/boss_tharon_ja.cpp.o
#10 1469.4 [ 82%] Building CXX object src/server/scripts/CMakeFiles/scripts.dir/Northrend/DraktharonKeep/boss_trollgore.cpp.o
#10 1471.2 [ 82%] Building CXX object src/server/scripts/CMakeFiles/scripts.dir/Northrend/DraktharonKeep/instance_drak_tharon_keep.cpp.o
#10 1473.0 [ 82%] Building CXX object src/server/scripts/CMakeFiles/scripts.dir/Northrend/FrozenHalls/ForgeOfSouls/boss_bronjahm.cpp.o
#10 1474.6 [ 82%] Building CXX object src/server/scripts/CMakeFiles/scripts.dir/Northrend/FrozenHalls/ForgeOfSouls/boss_devourer_of_souls.cpp.o
#10 1474.8 [ 82%] Building CXX object src/server/scripts/CMakeFiles/scripts.dir/Northrend/FrozenHalls/ForgeOfSouls/forge_of_souls.cpp.o
#10 1477.5 [ 82%] Building CXX object src/server/scripts/CMakeFiles/scripts.dir/Northrend/FrozenHalls/ForgeOfSouls/instance_forge_of_souls.cpp.o
#10 1477.9 [ 82%] Building CXX object src/server/scripts/CMakeFiles/scripts.dir/Northrend/FrozenHalls/HallsOfReflection/boss_falric.cpp.o
#10 1480.0 [ 82%] Building CXX object src/server/scripts/CMakeFiles/scripts.dir/Northrend/FrozenHalls/HallsOfReflection/boss_horAI.cpp.o
#10 1480.4 [ 82%] Building CXX object src/server/scripts/CMakeFiles/scripts.dir/Northrend/FrozenHalls/HallsOfReflection/boss_marwyn.cpp.o
#10 1480.6 [ 82%] Building CXX object src/server/scripts/CMakeFiles/scripts.dir/Northrend/FrozenHalls/HallsOfReflection/halls_of_reflection.cpp.o
#10 1482.9 [ 82%] Building CXX object src/server/scripts/CMakeFiles/scripts.dir/Northrend/FrozenHalls/HallsOfReflection/instance_halls_of_reflection.cpp.o
#10 1483.9 [ 82%] Building CXX object src/server/scripts/CMakeFiles/scripts.dir/Northrend/FrozenHalls/PitOfSaron/boss_forgemaster_garfrost.cpp.o
#10 1486.7 [ 82%] Building CXX object src/server/scripts/CMakeFiles/scripts.dir/Northrend/FrozenHalls/PitOfSaron/boss_krickandick.cpp.o
#10 1486.8 [ 82%] Building CXX object src/server/scripts/CMakeFiles/scripts.dir/Northrend/FrozenHalls/PitOfSaron/boss_scourgelord_tyrannus.cpp.o
#10 1487.6 [ 82%] Building CXX object src/server/scripts/CMakeFiles/scripts.dir/Northrend/FrozenHalls/PitOfSaron/instance_pit_of_saron.cpp.o
#10 1490.5 [ 83%] Building CXX object src/server/scripts/CMakeFiles/scripts.dir/Northrend/FrozenHalls/PitOfSaron/pit_of_saron.cpp.o
#10 1491.5 [ 83%] Building CXX object src/server/scripts/CMakeFiles/scripts.dir/Northrend/Gundrak/boss_drakkari_colossus.cpp.o
#10 1491.9 [ 83%] Building CXX object src/server/scripts/CMakeFiles/scripts.dir/Northrend/Gundrak/boss_eck.cpp.o
#10 1494.5 [ 83%] Building CXX object src/server/scripts/CMakeFiles/scripts.dir/Northrend/Gundrak/boss_gal_darah.cpp.o
#10 1494.8 [ 83%] Building CXX object src/server/scripts/CMakeFiles/scripts.dir/Northrend/Gundrak/boss_moorabi.cpp.o
#10 1494.9 [ 83%] Building CXX object src/server/scripts/CMakeFiles/scripts.dir/Northrend/Gundrak/boss_slad_ran.cpp.o
#10 1498.0 [ 83%] Building CXX object src/server/scripts/CMakeFiles/scripts.dir/Northrend/Gundrak/instance_gundrak.cpp.o
#10 1498.4 [ 83%] Building CXX object src/server/scripts/CMakeFiles/scripts.dir/Northrend/IcecrownCitadel/boss_blood_prince_council.cpp.o
#10 1498.6 [ 83%] Building CXX object src/server/scripts/CMakeFiles/scripts.dir/Northrend/IcecrownCitadel/boss_blood_queen_lana_thel.cpp.o
#10 1501.2 [ 83%] Building CXX object src/server/scripts/CMakeFiles/scripts.dir/Northrend/IcecrownCitadel/boss_deathbringer_saurfang.cpp.o
#10 1505.5 [ 83%] Building CXX object src/server/scripts/CMakeFiles/scripts.dir/Northrend/IcecrownCitadel/boss_festergut.cpp.o
#10 1506.5 [ 83%] Building CXX object src/server/scripts/CMakeFiles/scripts.dir/Northrend/IcecrownCitadel/boss_icecrown_gunship_battle.cpp.o
#10 1508.0 [ 83%] Building CXX object src/server/scripts/CMakeFiles/scripts.dir/Northrend/IcecrownCitadel/boss_lady_deathwhisper.cpp.o
#10 1511.2 [ 83%] Building CXX object src/server/scripts/CMakeFiles/scripts.dir/Northrend/IcecrownCitadel/boss_lord_marrowgar.cpp.o
#10 1515.1 [ 83%] Building CXX object src/server/scripts/CMakeFiles/scripts.dir/Northrend/IcecrownCitadel/boss_professor_putricide.cpp.o
#10 1517.1 [ 84%] Building CXX object src/server/scripts/CMakeFiles/scripts.dir/Northrend/IcecrownCitadel/boss_rotface.cpp.o
#10 1519.6 [ 84%] Building CXX object src/server/scripts/CMakeFiles/scripts.dir/Northrend/IcecrownCitadel/boss_sindragosa.cpp.o
#10 1525.7 [ 84%] Building CXX object src/server/scripts/CMakeFiles/scripts.dir/Northrend/IcecrownCitadel/boss_the_lich_king.cpp.o
#10 1527.3 [ 84%] Building CXX object src/server/scripts/CMakeFiles/scripts.dir/Northrend/IcecrownCitadel/boss_valithria_dreamwalker.cpp.o
#10 1529.3 [ 84%] Building CXX object src/server/scripts/CMakeFiles/scripts.dir/Northrend/IcecrownCitadel/icecrown_citadel.cpp.o
#10 1537.0 [ 84%] Building CXX object src/server/scripts/CMakeFiles/scripts.dir/Northrend/IcecrownCitadel/icecrown_citadel_teleport.cpp.o
#10 1537.8 [ 84%] Building CXX object src/server/scripts/CMakeFiles/scripts.dir/Northrend/IcecrownCitadel/instance_icecrown_citadel.cpp.o
#10 1540.1 [ 84%] Building CXX object src/server/scripts/CMakeFiles/scripts.dir/Northrend/IsleOfConquest/boss_ioc_horde_alliance.cpp.o
#10 1541.6 [ 84%] Building CXX object src/server/scripts/CMakeFiles/scripts.dir/Northrend/IsleOfConquest/isle_of_conquest.cpp.o
#10 1543.1 [ 84%] Building CXX object src/server/scripts/CMakeFiles/scripts.dir/Northrend/Naxxramas/boss_anubrekhan.cpp.o
#10 1543.4 [ 84%] Building CXX object src/server/scripts/CMakeFiles/scripts.dir/Northrend/Naxxramas/boss_faerlina.cpp.o
#10 1546.4 [ 84%] Building CXX object src/server/scripts/CMakeFiles/scripts.dir/Northrend/Naxxramas/boss_four_horsemen.cpp.o
#10 1547.0 [ 84%] Building CXX object src/server/scripts/CMakeFiles/scripts.dir/Northrend/Naxxramas/boss_gluth.cpp.o
#10 1547.1 [ 84%] Building CXX object src/server/scripts/CMakeFiles/scripts.dir/Northrend/Naxxramas/boss_gothik.cpp.o
#10 1551.5 [ 84%] Building CXX object src/server/scripts/CMakeFiles/scripts.dir/Northrend/Naxxramas/boss_grobbulus.cpp.o
#10 1555.0 [ 85%] Building CXX object src/server/scripts/CMakeFiles/scripts.dir/Northrend/Naxxramas/boss_heigan.cpp.o
#10 1555.9 [ 85%] Building CXX object src/server/scripts/CMakeFiles/scripts.dir/Northrend/Naxxramas/boss_kelthuzad.cpp.o
#10 1556.4 [ 85%] Building CXX object src/server/scripts/CMakeFiles/scripts.dir/Northrend/Naxxramas/boss_loatheb.cpp.o
#10 1558.8 [ 85%] Building CXX object src/server/scripts/CMakeFiles/scripts.dir/Northrend/Naxxramas/boss_maexxna.cpp.o
#10 1560.5 [ 85%] Building CXX object src/server/scripts/CMakeFiles/scripts.dir/Northrend/Naxxramas/boss_noth.cpp.o
#10 1561.7 [ 85%] Building CXX object src/server/scripts/CMakeFiles/scripts.dir/Northrend/Naxxramas/boss_patchwerk.cpp.o
#10 1562.8 [ 85%] Building CXX object src/server/scripts/CMakeFiles/scripts.dir/Northrend/Naxxramas/boss_razuvious.cpp.o
#10 1563.9 [ 85%] Building CXX object src/server/scripts/CMakeFiles/scripts.dir/Northrend/Naxxramas/boss_sapphiron.cpp.o
#10 1565.2 [ 85%] Building CXX object src/server/scripts/CMakeFiles/scripts.dir/Northrend/Naxxramas/boss_thaddius.cpp.o
#10 1566.9 [ 85%] Building CXX object src/server/scripts/CMakeFiles/scripts.dir/Northrend/Naxxramas/instance_naxxramas.cpp.o
#10 1570.1 [ 85%] Building CXX object src/server/scripts/CMakeFiles/scripts.dir/Northrend/Nexus/EyeOfEternity/boss_malygos.cpp.o
#10 1570.1 [ 85%] Building CXX object src/server/scripts/CMakeFiles/scripts.dir/Northrend/Naxxramas/naxxramas.cpp.o
#10 1570.3 [ 85%] Building CXX object src/server/scripts/CMakeFiles/scripts.dir/Northrend/Nexus/EyeOfEternity/instance_eye_of_eternity.cpp.o
#10 1573.5 [ 85%] Building CXX object src/server/scripts/CMakeFiles/scripts.dir/Northrend/Nexus/Nexus/boss_anomalus.cpp.o
#10 1574.4 [ 85%] Building CXX object src/server/scripts/CMakeFiles/scripts.dir/Northrend/Nexus/Nexus/boss_commander_stoutbeard.cpp.o
#10 1576.9 [ 86%] Building CXX object src/server/scripts/CMakeFiles/scripts.dir/Northrend/Nexus/Nexus/boss_keristrasza.cpp.o
#10 1577.2 [ 86%] Building CXX object src/server/scripts/CMakeFiles/scripts.dir/Northrend/Nexus/Nexus/boss_magus_telestra.cpp.o
#10 1580.5 [ 86%] Building CXX object src/server/scripts/CMakeFiles/scripts.dir/Northrend/Nexus/Nexus/boss_nexus_commanders.cpp.o
#10 1581.3 [ 86%] Building CXX object src/server/scripts/CMakeFiles/scripts.dir/Northrend/Nexus/Nexus/boss_ormorok.cpp.o
#10 1581.4 [ 86%] Building CXX object src/server/scripts/CMakeFiles/scripts.dir/Northrend/Nexus/Nexus/instance_nexus.cpp.o
#10 1584.1 [ 86%] Building CXX object src/server/scripts/CMakeFiles/scripts.dir/Northrend/Nexus/Oculus/boss_drakos.cpp.o
#10 1584.5 [ 86%] Building CXX object src/server/scripts/CMakeFiles/scripts.dir/Northrend/Nexus/Oculus/boss_eregos.cpp.o
#10 1585.2 [ 86%] Building CXX object src/server/scripts/CMakeFiles/scripts.dir/Northrend/Nexus/Oculus/boss_urom.cpp.o
#10 1587.9 [ 86%] Building CXX object src/server/scripts/CMakeFiles/scripts.dir/Northrend/Nexus/Oculus/boss_varos.cpp.o
#10 1588.8 [ 86%] Building CXX object src/server/scripts/CMakeFiles/scripts.dir/Northrend/Nexus/Oculus/oculus.cpp.o
#10 1588.8 [ 86%] Building CXX object src/server/scripts/CMakeFiles/scripts.dir/Northrend/Nexus/Oculus/instance_oculus.cpp.o
#10 1592.3 [ 86%] Building CXX object src/server/scripts/CMakeFiles/scripts.dir/Northrend/Ulduar/HallsOfLightning/boss_general_bjarngrim.cpp.o
#10 1592.9 [ 86%] Built target game
#10 1592.9 [ 86%] Building CXX object src/server/scripts/CMakeFiles/scripts.dir/Northrend/Ulduar/HallsOfLightning/boss_ionar.cpp.o
#10 1593.3 [ 86%] Building CXX object src/server/scripts/CMakeFiles/scripts.dir/Northrend/Ulduar/HallsOfLightning/boss_loken.cpp.o
#10 1595.3 [ 86%] Building CXX object src/server/scripts/CMakeFiles/scripts.dir/Northrend/Ulduar/HallsOfLightning/boss_volkhan.cpp.o
#10 1597.2 [ 87%] Building CXX object src/server/scripts/CMakeFiles/scripts.dir/Northrend/Ulduar/HallsOfLightning/instance_halls_of_lightning.cpp.o
#10 1597.5 [ 87%] Building CXX object src/server/scripts/CMakeFiles/scripts.dir/Northrend/Ulduar/HallsOfStone/boss_krystallus.cpp.o
#10 1598.8 [ 87%] Building CXX object src/server/scripts/CMakeFiles/scripts.dir/Northrend/Ulduar/HallsOfStone/boss_maiden_of_grief.cpp.o
#10 1600.9 [ 87%] Building CXX object src/server/scripts/CMakeFiles/scripts.dir/Northrend/Ulduar/HallsOfStone/boss_sjonnir.cpp.o
#10 1601.2 [ 87%] Building CXX object src/server/scripts/CMakeFiles/scripts.dir/Northrend/Ulduar/HallsOfStone/halls_of_stone.cpp.o
#10 1601.4 [ 87%] Building CXX object src/server/scripts/CMakeFiles/scripts.dir/Northrend/Ulduar/HallsOfStone/instance_halls_of_stone.cpp.o
#10 1602.2 [ 87%] Building CXX object src/server/scripts/CMakeFiles/scripts.dir/Northrend/Ulduar/Ulduar/boss_algalon_the_observer.cpp.o
#10 1604.0 [ 87%] Building CXX object src/server/scripts/CMakeFiles/scripts.dir/Northrend/Ulduar/Ulduar/boss_assembly_of_iron.cpp.o
#10 1604.7 [ 87%] Building CXX object src/server/scripts/CMakeFiles/scripts.dir/Northrend/Ulduar/Ulduar/boss_auriaya.cpp.o
#10 1605.6 [ 87%] Building CXX object src/server/scripts/CMakeFiles/scripts.dir/Northrend/Ulduar/Ulduar/boss_flame_leviathan.cpp.o
#10 1609.6 [ 87%] Building CXX object src/server/scripts/CMakeFiles/scripts.dir/Northrend/Ulduar/Ulduar/boss_freya.cpp.o
#10 1610.4 [ 87%] Building CXX object src/server/scripts/CMakeFiles/scripts.dir/Northrend/Ulduar/Ulduar/boss_general_vezax.cpp.o
#10 1611.7 [ 87%] Building CXX object src/server/scripts/CMakeFiles/scripts.dir/Northrend/Ulduar/Ulduar/boss_hodir.cpp.o
#10 1613.6 [ 87%] Building CXX object src/server/scripts/CMakeFiles/scripts.dir/Northrend/Ulduar/Ulduar/boss_ignis.cpp.o
#10 1616.3 [ 87%] Building CXX object src/server/scripts/CMakeFiles/scripts.dir/Northrend/Ulduar/Ulduar/boss_kologarn.cpp.o
#10 1616.5 [ 88%] Building CXX object src/server/scripts/CMakeFiles/scripts.dir/Northrend/Ulduar/Ulduar/boss_mimiron.cpp.o
#10 1618.7 [ 88%] Building CXX object src/server/scripts/CMakeFiles/scripts.dir/Northrend/Ulduar/Ulduar/boss_razorscale.cpp.o
#10 1619.0 [ 88%] Building CXX object src/server/scripts/CMakeFiles/scripts.dir/Northrend/Ulduar/Ulduar/boss_thorim.cpp.o
#10 1624.2 [ 88%] Building CXX object src/server/scripts/CMakeFiles/scripts.dir/Northrend/Ulduar/Ulduar/boss_xt002.cpp.o
#10 1624.3 [ 88%] Building CXX object src/server/scripts/CMakeFiles/scripts.dir/Northrend/Ulduar/Ulduar/boss_yogg_saron.cpp.o
#10 1630.8 [ 88%] Building CXX object src/server/scripts/CMakeFiles/scripts.dir/Northrend/Ulduar/Ulduar/instance_ulduar.cpp.o
#10 1630.8 [ 88%] Building CXX object src/server/scripts/CMakeFiles/scripts.dir/Northrend/UtgardeKeep/UtgardeKeep/boss_ingvar_the_plunderer.cpp.o
#10 1632.7 [ 88%] Building CXX object src/server/scripts/CMakeFiles/scripts.dir/Northrend/UtgardeKeep/UtgardeKeep/boss_keleseth.cpp.o
#10 1635.8 [ 88%] Building CXX object src/server/scripts/CMakeFiles/scripts.dir/Northrend/UtgardeKeep/UtgardeKeep/boss_skarvald_dalronn.cpp.o
#10 1636.1 [ 88%] Building CXX object src/server/scripts/CMakeFiles/scripts.dir/Northrend/UtgardeKeep/UtgardeKeep/instance_utgarde_keep.cpp.o
#10 1637.1 [ 88%] Building CXX object src/server/scripts/CMakeFiles/scripts.dir/Northrend/UtgardeKeep/UtgardeKeep/utgarde_keep.cpp.o
#10 1639.5 [ 88%] Building CXX object src/server/scripts/CMakeFiles/scripts.dir/Northrend/UtgardeKeep/UtgardePinnacle/boss_palehoof.cpp.o
#10 1639.7 [ 88%] Building CXX object src/server/scripts/CMakeFiles/scripts.dir/Northrend/UtgardeKeep/UtgardePinnacle/boss_skadi.cpp.o
#10 1641.5 [ 88%] Building CXX object src/server/scripts/CMakeFiles/scripts.dir/Northrend/UtgardeKeep/UtgardePinnacle/boss_svala.cpp.o
#10 1642.4 [ 88%] Building CXX object src/server/scripts/CMakeFiles/scripts.dir/Northrend/UtgardeKeep/UtgardePinnacle/boss_ymiron.cpp.o
#10 1646.2 [ 89%] Building CXX object src/server/scripts/CMakeFiles/scripts.dir/Northrend/UtgardeKeep/UtgardePinnacle/instance_utgarde_pinnacle.cpp.o
#10 1646.3 [ 89%] Building CXX object src/server/scripts/CMakeFiles/scripts.dir/Northrend/VaultOfArchavon/boss_archavon.cpp.o
#10 1646.9 [ 89%] Building CXX object src/server/scripts/CMakeFiles/scripts.dir/Northrend/VaultOfArchavon/boss_emalon.cpp.o
#10 1649.3 [ 89%] Building CXX object src/server/scripts/CMakeFiles/scripts.dir/Northrend/VaultOfArchavon/boss_koralon.cpp.o
#10 1650.0 [ 89%] Building CXX object src/server/scripts/CMakeFiles/scripts.dir/Northrend/VaultOfArchavon/boss_toravon.cpp.o
#10 1650.1 [ 89%] Building CXX object src/server/scripts/CMakeFiles/scripts.dir/Northrend/VaultOfArchavon/instance_vault_of_archavon.cpp.o
#10 1650.1 [ 89%] Building CXX object src/server/scripts/CMakeFiles/scripts.dir/Northrend/VioletHold/boss_cyanigosa.cpp.o
#10 1653.4 [ 89%] Building CXX object src/server/scripts/CMakeFiles/scripts.dir/Northrend/VioletHold/boss_erekem.cpp.o
#10 1653.6 [ 89%] Building CXX object src/server/scripts/CMakeFiles/scripts.dir/Northrend/VioletHold/boss_ichoron.cpp.o
#10 1654.5 [ 89%] Building CXX object src/server/scripts/CMakeFiles/scripts.dir/Northrend/VioletHold/boss_lavanthor.cpp.o
#10 1655.0 [ 89%] Building CXX object src/server/scripts/CMakeFiles/scripts.dir/Northrend/VioletHold/boss_moragg.cpp.o
#10 1658.5 [ 89%] Building CXX object src/server/scripts/CMakeFiles/scripts.dir/Northrend/VioletHold/boss_xevozz.cpp.o
#10 1658.8 [ 89%] Building CXX object src/server/scripts/CMakeFiles/scripts.dir/Northrend/VioletHold/boss_zuramat.cpp.o
#10 1660.6 [ 89%] Building CXX object src/server/scripts/CMakeFiles/scripts.dir/Northrend/VioletHold/instance_violet_hold.cpp.o
#10 1660.9 [ 89%] Building CXX object src/server/scripts/CMakeFiles/scripts.dir/Northrend/VioletHold/violet_hold.cpp.o
#10 1662.9 [ 90%] Building CXX object src/server/scripts/CMakeFiles/scripts.dir/OutdoorPvP/OutdoorPvPHP.cpp.o
#10 1664.1 [ 90%] Building CXX object src/server/scripts/CMakeFiles/scripts.dir/OutdoorPvP/OutdoorPvPNA.cpp.o
#10 1666.8 [ 90%] Building CXX object src/server/scripts/CMakeFiles/scripts.dir/OutdoorPvP/OutdoorPvPSI.cpp.o
#10 1667.7 [ 90%] Building CXX object src/server/scripts/CMakeFiles/scripts.dir/OutdoorPvP/OutdoorPvPScriptLoader.cpp.o
#10 1668.4 [ 90%] Building CXX object src/server/scripts/CMakeFiles/scripts.dir/OutdoorPvP/OutdoorPvPTF.cpp.o
#10 1670.6 [ 90%] Building CXX object src/server/scripts/CMakeFiles/scripts.dir/OutdoorPvP/OutdoorPvPZM.cpp.o
#10 1671.5 [ 90%] Building CXX object src/server/scripts/CMakeFiles/scripts.dir/Outland/boss_doomlord_kazzak.cpp.o
#10 1671.7 [ 90%] Building CXX object src/server/scripts/CMakeFiles/scripts.dir/Outland/boss_doomwalker.cpp.o
#10 1671.8 [ 90%] Building CXX object src/server/scripts/CMakeFiles/scripts.dir/Outland/outland_script_loader.cpp.o
#10 1674.8 [ 90%] Building CXX object src/server/scripts/CMakeFiles/scripts.dir/Outland/zone_blades_edge_mountains.cpp.o
#10 1674.9 [ 90%] Building CXX object src/server/scripts/CMakeFiles/scripts.dir/Outland/zone_hellfire_peninsula.cpp.o
#10 1675.5 [ 90%] Building CXX object src/server/scripts/CMakeFiles/scripts.dir/Outland/zone_nagrand.cpp.o
#10 1676.5 [ 90%] Building CXX object src/server/scripts/CMakeFiles/scripts.dir/Outland/zone_netherstorm.cpp.o
#10 1679.2 [ 90%] Building CXX object src/server/scripts/CMakeFiles/scripts.dir/Outland/zone_shadowmoon_valley.cpp.o
#10 1679.6 [ 90%] Building CXX object src/server/scripts/CMakeFiles/scripts.dir/Outland/zone_shattrath_city.cpp.o
#10 1682.8 [ 91%] Building CXX object src/server/scripts/CMakeFiles/scripts.dir/Outland/zone_terokkar_forest.cpp.o
#10 1682.9 [ 91%] Building CXX object src/server/scripts/CMakeFiles/scripts.dir/Outland/zone_zangarmarsh.cpp.o
#10 1683.6 [ 91%] Building CXX object src/server/scripts/CMakeFiles/scripts.dir/Outland/Auchindoun/AuchenaiCrypts/boss_exarch_maladaar.cpp.o
#10 1684.2 [ 91%] Building CXX object src/server/scripts/CMakeFiles/scripts.dir/Outland/Auchindoun/AuchenaiCrypts/boss_shirrak_the_dead_watcher.cpp.o
#10 1686.0 [ 91%] Building CXX object src/server/scripts/CMakeFiles/scripts.dir/Outland/Auchindoun/AuchenaiCrypts/instance_auchenai_crypts.cpp.o
#10 1686.3 [ 91%] Building CXX object src/server/scripts/CMakeFiles/scripts.dir/Outland/Auchindoun/ManaTombs/boss_nexusprince_shaffar.cpp.o
#10 1687.3 [ 91%] Building CXX object src/server/scripts/CMakeFiles/scripts.dir/Outland/Auchindoun/ManaTombs/boss_pandemonius.cpp.o
#10 1688.0 [ 91%] Building CXX object src/server/scripts/CMakeFiles/scripts.dir/Outland/Auchindoun/ManaTombs/instance_mana_tombs.cpp.o
#10 1689.7 [ 91%] Building CXX object src/server/scripts/CMakeFiles/scripts.dir/Outland/Auchindoun/SethekkHalls/boss_anzu.cpp.o
#10 1689.8 [ 91%] Building CXX object src/server/scripts/CMakeFiles/scripts.dir/Outland/Auchindoun/SethekkHalls/boss_darkweaver_syth.cpp.o
#10 1690.4 [ 91%] Building CXX object src/server/scripts/CMakeFiles/scripts.dir/Outland/Auchindoun/SethekkHalls/boss_talon_king_ikiss.cpp.o
#10 1692.1 [ 91%] Building CXX object src/server/scripts/CMakeFiles/scripts.dir/Outland/Auchindoun/SethekkHalls/instance_sethekk_halls.cpp.o
#10 1693.2 [ 91%] Building CXX object src/server/scripts/CMakeFiles/scripts.dir/Outland/Auchindoun/ShadowLabyrinth/boss_ambassador_hellmaw.cpp.o
#10 1693.5 [ 91%] Building CXX object src/server/scripts/CMakeFiles/scripts.dir/Outland/Auchindoun/ShadowLabyrinth/boss_blackheart_the_inciter.cpp.o
#10 1695.4 [ 91%] Building CXX object src/server/scripts/CMakeFiles/scripts.dir/Outland/Auchindoun/ShadowLabyrinth/boss_grandmaster_vorpil.cpp.o
#10 1695.6 [ 92%] Building CXX object src/server/scripts/CMakeFiles/scripts.dir/Outland/Auchindoun/ShadowLabyrinth/boss_murmur.cpp.o
#10 1697.0 [ 92%] Building CXX object src/server/scripts/CMakeFiles/scripts.dir/Outland/Auchindoun/ShadowLabyrinth/instance_shadow_labyrinth.cpp.o
#10 1697.9 [ 92%] Building CXX object src/server/scripts/CMakeFiles/scripts.dir/Outland/Auchindoun/ShadowLabyrinth/shadow_labyrinth.cpp.o
#10 1698.6 [ 92%] Building CXX object src/server/scripts/CMakeFiles/scripts.dir/Outland/BlackTemple/black_temple.cpp.o
#10 1701.1 [ 92%] Building CXX object src/server/scripts/CMakeFiles/scripts.dir/Outland/BlackTemple/boss_gurtogg_bloodboil.cpp.o
#10 1701.1 [ 92%] Building CXX object src/server/scripts/CMakeFiles/scripts.dir/Outland/BlackTemple/boss_illidan.cpp.o
#10 1702.0 [ 92%] Building CXX object src/server/scripts/CMakeFiles/scripts.dir/Outland/BlackTemple/boss_illidari_council.cpp.o
#10 1704.7 [ 92%] Building CXX object src/server/scripts/CMakeFiles/scripts.dir/Outland/BlackTemple/boss_mother_shahraz.cpp.o
#10 1705.4 [ 92%] Building CXX object src/server/scripts/CMakeFiles/scripts.dir/Outland/BlackTemple/boss_reliquary_of_souls.cpp.o
#10 1711.4 [ 92%] Building CXX object src/server/scripts/CMakeFiles/scripts.dir/Outland/BlackTemple/boss_shade_of_akama.cpp.o
#10 1711.6 [ 92%] Building CXX object src/server/scripts/CMakeFiles/scripts.dir/Outland/BlackTemple/boss_supremus.cpp.o
#10 1712.4 [ 92%] Building CXX object src/server/scripts/CMakeFiles/scripts.dir/Outland/BlackTemple/boss_teron_gorefiend.cpp.o
#10 1715.3 [ 92%] Building CXX object src/server/scripts/CMakeFiles/scripts.dir/Outland/BlackTemple/boss_warlord_najentus.cpp.o
#10 1715.7 [ 92%] Building CXX object src/server/scripts/CMakeFiles/scripts.dir/Outland/BlackTemple/instance_black_temple.cpp.o
#10 1717.5 [ 92%] Building CXX object src/server/scripts/CMakeFiles/scripts.dir/Outland/CoilfangReservoir/SerpentShrine/boss_fathomlord_karathress.cpp.o
#10 1718.8 [ 93%] Building CXX object src/server/scripts/CMakeFiles/scripts.dir/Outland/CoilfangReservoir/SerpentShrine/boss_hydross_the_unstable.cpp.o
#10 1719.9 [ 93%] Building CXX object src/server/scripts/CMakeFiles/scripts.dir/Outland/CoilfangReservoir/SerpentShrine/boss_lady_vashj.cpp.o
#10 1719.9 [ 93%] Building CXX object src/server/scripts/CMakeFiles/scripts.dir/Outland/CoilfangReservoir/SerpentShrine/boss_leotheras_the_blind.cpp.o
#10 1722.1 [ 93%] Building CXX object src/server/scripts/CMakeFiles/scripts.dir/Outland/CoilfangReservoir/SerpentShrine/boss_morogrim_tidewalker.cpp.o
#10 1722.2 [ 93%] Building CXX object src/server/scripts/CMakeFiles/scripts.dir/Outland/CoilfangReservoir/SerpentShrine/boss_lurker_below.cpp.o
#10 1723.2 [ 93%] Building CXX object src/server/scripts/CMakeFiles/scripts.dir/Outland/CoilfangReservoir/SerpentShrine/instance_serpent_shrine.cpp.o
#10 1724.1 [ 93%] Building CXX object src/server/scripts/CMakeFiles/scripts.dir/Outland/CoilfangReservoir/SteamVault/boss_hydromancer_thespia.cpp.o
#10 1725.4 [ 93%] Building CXX object src/server/scripts/CMakeFiles/scripts.dir/Outland/CoilfangReservoir/SteamVault/boss_mekgineer_steamrigger.cpp.o
#10 1725.5 [ 93%] Building CXX object src/server/scripts/CMakeFiles/scripts.dir/Outland/CoilfangReservoir/SteamVault/boss_warlord_kalithresh.cpp.o
#10 1727.4 [ 93%] Building CXX object src/server/scripts/CMakeFiles/scripts.dir/Outland/CoilfangReservoir/SteamVault/instance_steam_vault.cpp.o
#10 1728.5 [ 93%] Building CXX object src/server/scripts/CMakeFiles/scripts.dir/Outland/CoilfangReservoir/TheSlavePens/boss_ahune.cpp.o
#10 1728.7 [ 93%] Building CXX object src/server/scripts/CMakeFiles/scripts.dir/Outland/CoilfangReservoir/TheSlavePens/boss_mennu_the_betrayer.cpp.o
#10 1730.8 [ 93%] Building CXX object src/server/scripts/CMakeFiles/scripts.dir/Outland/CoilfangReservoir/TheSlavePens/boss_quagmirran.cpp.o
#10 1732.1 [ 93%] Building CXX object src/server/scripts/CMakeFiles/scripts.dir/Outland/CoilfangReservoir/TheSlavePens/boss_rokmar_the_crackler.cpp.o
#10 1734.8 [ 93%] Building CXX object src/server/scripts/CMakeFiles/scripts.dir/Outland/CoilfangReservoir/TheSlavePens/instance_the_slave_pens.cpp.o
#10 1734.9 [ 94%] Building CXX object src/server/scripts/CMakeFiles/scripts.dir/Outland/CoilfangReservoir/TheUnderbog/boss_hungarfen.cpp.o
#10 1735.7 [ 94%] Building CXX object src/server/scripts/CMakeFiles/scripts.dir/Outland/CoilfangReservoir/TheUnderbog/boss_the_black_stalker.cpp.o
#10 1737.7 [ 94%] Building CXX object src/server/scripts/CMakeFiles/scripts.dir/Outland/CoilfangReservoir/TheUnderbog/instance_the_underbog.cpp.o
#10 1738.1 [ 94%] Building CXX object src/server/scripts/CMakeFiles/scripts.dir/Outland/GruulsLair/boss_gruul.cpp.o
#10 1738.1 [ 94%] Building CXX object src/server/scripts/CMakeFiles/scripts.dir/Outland/GruulsLair/boss_high_king_maulgar.cpp.o
#10 1738.7 [ 94%] Building CXX object src/server/scripts/CMakeFiles/scripts.dir/Outland/GruulsLair/instance_gruuls_lair.cpp.o
#10 1740.8 [ 94%] Building CXX object src/server/scripts/CMakeFiles/scripts.dir/Outland/HellfireCitadel/BloodFurnace/boss_broggok.cpp.o
#10 1741.7 [ 94%] Building CXX object src/server/scripts/CMakeFiles/scripts.dir/Outland/HellfireCitadel/BloodFurnace/boss_kelidan_the_breaker.cpp.o
#10 1741.9 [ 94%] Building CXX object src/server/scripts/CMakeFiles/scripts.dir/Outland/HellfireCitadel/BloodFurnace/boss_the_maker.cpp.o
#10 1742.5 [ 94%] Building CXX object src/server/scripts/CMakeFiles/scripts.dir/Outland/HellfireCitadel/BloodFurnace/instance_blood_furnace.cpp.o
#10 1745.0 [ 94%] Building CXX object src/server/scripts/CMakeFiles/scripts.dir/Outland/HellfireCitadel/HellfireRamparts/boss_omor_the_unscarred.cpp.o
#10 1745.7 [ 94%] Building CXX object src/server/scripts/CMakeFiles/scripts.dir/Outland/HellfireCitadel/HellfireRamparts/boss_vazruden_the_herald.cpp.o
#10 1745.7 [ 94%] Building CXX object src/server/scripts/CMakeFiles/scripts.dir/Outland/HellfireCitadel/HellfireRamparts/boss_watchkeeper_gargolmar.cpp.o
#10 1746.5 [ 94%] Building CXX object src/server/scripts/CMakeFiles/scripts.dir/Outland/HellfireCitadel/HellfireRamparts/instance_hellfire_ramparts.cpp.o
#10 1748.5 [ 94%] Building CXX object src/server/scripts/CMakeFiles/scripts.dir/Outland/HellfireCitadel/MagtheridonsLair/boss_magtheridon.cpp.o
#10 1748.6 [ 95%] Building CXX object src/server/scripts/CMakeFiles/scripts.dir/Outland/HellfireCitadel/MagtheridonsLair/instance_magtheridons_lair.cpp.o
#10 1749.3 [ 95%] Building CXX object src/server/scripts/CMakeFiles/scripts.dir/Outland/HellfireCitadel/ShatteredHalls/boss_nethekurse.cpp.o
#10 1750.0 [ 95%] Building CXX object src/server/scripts/CMakeFiles/scripts.dir/Outland/HellfireCitadel/ShatteredHalls/boss_warbringer_omrogg.cpp.o
#10 1752.4 [ 95%] Building CXX object src/server/scripts/CMakeFiles/scripts.dir/Outland/HellfireCitadel/ShatteredHalls/boss_warchief_kargath_bladefist.cpp.o
#10 1752.5 [ 95%] Building CXX object src/server/scripts/CMakeFiles/scripts.dir/Outland/HellfireCitadel/ShatteredHalls/instance_shattered_halls.cpp.o
#10 1753.5 [ 95%] Building CXX object src/server/scripts/CMakeFiles/scripts.dir/Outland/HellfireCitadel/ShatteredHalls/shattered_halls.cpp.o
#10 1755.4 [ 95%] Building CXX object src/server/scripts/CMakeFiles/scripts.dir/Outland/TempestKeep/Eye/boss_alar.cpp.o
#10 1755.7 [ 95%] Building CXX object src/server/scripts/CMakeFiles/scripts.dir/Outland/TempestKeep/Eye/boss_astromancer.cpp.o
#10 1756.5 [ 95%] Building CXX object src/server/scripts/CMakeFiles/scripts.dir/Outland/TempestKeep/Eye/boss_kaelthas.cpp.o
#10 1757.8 [ 95%] Building CXX object src/server/scripts/CMakeFiles/scripts.dir/Outland/TempestKeep/Eye/boss_void_reaver.cpp.o
#10 1758.8 [ 95%] Building CXX object src/server/scripts/CMakeFiles/scripts.dir/Outland/TempestKeep/Eye/instance_the_eye.cpp.o
#10 1760.8 [ 95%] Building CXX object src/server/scripts/CMakeFiles/scripts.dir/Outland/TempestKeep/Eye/the_eye.cpp.o
#10 1761.4 [ 95%] Building CXX object src/server/scripts/CMakeFiles/scripts.dir/Outland/TempestKeep/Mechanar/boss_gatewatcher_gyrokill.cpp.o
#10 1761.5 [ 95%] Building CXX object src/server/scripts/CMakeFiles/scripts.dir/Outland/TempestKeep/Mechanar/boss_gatewatcher_ironhand.cpp.o
#10 1762.6 [ 95%] Building CXX object src/server/scripts/CMakeFiles/scripts.dir/Outland/TempestKeep/Mechanar/boss_mechano_lord_capacitus.cpp.o
#10 1763.4 [ 96%] Building CXX object src/server/scripts/CMakeFiles/scripts.dir/Outland/TempestKeep/Mechanar/boss_nethermancer_sepethrea.cpp.o
#10 1764.7 [ 96%] Building CXX object src/server/scripts/CMakeFiles/scripts.dir/Outland/TempestKeep/Mechanar/boss_pathaleon_the_calculator.cpp.o
#10 1765.3 [ 96%] Building CXX object src/server/scripts/CMakeFiles/scripts.dir/Outland/TempestKeep/Mechanar/instance_mechanar.cpp.o
#10 1766.7 [ 96%] Building CXX object src/server/scripts/CMakeFiles/scripts.dir/Outland/TempestKeep/arcatraz/arcatraz.cpp.o
#10 1767.0 [ 96%] Building CXX object src/server/scripts/CMakeFiles/scripts.dir/Outland/TempestKeep/arcatraz/boss_dalliah_the_doomsayer.cpp.o
#10 1768.5 [ 96%] Building CXX object src/server/scripts/CMakeFiles/scripts.dir/Outland/TempestKeep/arcatraz/boss_harbinger_skyriss.cpp.o
#10 1769.0 [ 96%] Building CXX object src/server/scripts/CMakeFiles/scripts.dir/Outland/TempestKeep/arcatraz/boss_wrath_scryer_soccothrates.cpp.o
#10 1770.0 [ 96%] Building CXX object src/server/scripts/CMakeFiles/scripts.dir/Outland/TempestKeep/arcatraz/boss_zereketh_the_unbound.cpp.o
#10 1770.5 [ 96%] Building CXX object src/server/scripts/CMakeFiles/scripts.dir/Outland/TempestKeep/arcatraz/instance_arcatraz.cpp.o
#10 1771.7 [ 96%] Building CXX object src/server/scripts/CMakeFiles/scripts.dir/Outland/TempestKeep/botanica/boss_commander_sarannis.cpp.o
#10 1772.6 [ 96%] Building CXX object src/server/scripts/CMakeFiles/scripts.dir/Outland/TempestKeep/botanica/boss_high_botanist_freywinn.cpp.o
#10 1773.3 [ 96%] Building CXX object src/server/scripts/CMakeFiles/scripts.dir/Outland/TempestKeep/botanica/boss_laj.cpp.o
#10 1774.0 [ 96%] Building CXX object src/server/scripts/CMakeFiles/scripts.dir/Outland/TempestKeep/botanica/boss_thorngrin_the_tender.cpp.o
#10 1775.5 [ 96%] Building CXX object src/server/scripts/CMakeFiles/scripts.dir/Outland/TempestKeep/botanica/boss_warp_splinter.cpp.o
#10 1775.8 [ 96%] Building CXX object src/server/scripts/CMakeFiles/scripts.dir/Outland/TempestKeep/botanica/instance_the_botanica.cpp.o
#10 1777.6 [ 97%] Building CXX object src/server/scripts/CMakeFiles/scripts.dir/Pet/pet_dk.cpp.o
#10 1777.8 [ 97%] Building CXX object src/server/scripts/CMakeFiles/scripts.dir/Pet/pet_generic.cpp.o
#10 1779.1 [ 97%] Building CXX object src/server/scripts/CMakeFiles/scripts.dir/Pet/pet_hunter.cpp.o
#10 1780.1 [ 97%] Building CXX object src/server/scripts/CMakeFiles/scripts.dir/Pet/pet_mage.cpp.o
#10 1781.2 [ 97%] Building CXX object src/server/scripts/CMakeFiles/scripts.dir/Pet/pet_paladin.cpp.o
#10 1783.3 [ 97%] Building CXX object src/server/scripts/CMakeFiles/scripts.dir/Pet/pet_priest.cpp.o
#10 1784.1 [ 97%] Building CXX object src/server/scripts/CMakeFiles/scripts.dir/Pet/pet_script_loader.cpp.o
#10 1784.1 [ 97%] Building CXX object src/server/scripts/CMakeFiles/scripts.dir/Pet/pet_shaman.cpp.o
#10 1785.1 [ 97%] Building CXX object src/server/scripts/CMakeFiles/scripts.dir/Spells/spell_dk.cpp.o
#10 1786.6 [ 97%] Building CXX object src/server/scripts/CMakeFiles/scripts.dir/Spells/spell_druid.cpp.o
#10 1787.2 [ 97%] Building CXX object src/server/scripts/CMakeFiles/scripts.dir/Spells/spell_generic.cpp.o
#10 1787.3 [ 97%] Building CXX object src/server/scripts/CMakeFiles/scripts.dir/Spells/spell_holiday.cpp.o
#10 1804.1 [ 97%] Building CXX object src/server/scripts/CMakeFiles/scripts.dir/Spells/spell_hunter.cpp.o
#10 1806.1 [ 97%] Building CXX object src/server/scripts/CMakeFiles/scripts.dir/Spells/spell_item.cpp.o
#10 1816.1 [ 97%] Building CXX object src/server/scripts/CMakeFiles/scripts.dir/Spells/spell_mage.cpp.o
#10 1824.5 [ 98%] Building CXX object src/server/scripts/CMakeFiles/scripts.dir/Spells/spell_paladin.cpp.o
#10 1838.2 [ 98%] Building CXX object src/server/scripts/CMakeFiles/scripts.dir/Spells/spell_pet.cpp.o
#10 1840.3 [ 98%] Building CXX object src/server/scripts/CMakeFiles/scripts.dir/Spells/spell_priest.cpp.o
#10 1849.5 [ 98%] Building CXX object src/server/scripts/CMakeFiles/scripts.dir/Spells/spell_quest.cpp.o
#10 1852.3 [ 98%] Building CXX object src/server/scripts/CMakeFiles/scripts.dir/Spells/spell_rogue.cpp.o
#10 1853.5 [ 98%] Building CXX object src/server/scripts/CMakeFiles/scripts.dir/Spells/spell_script_loader.cpp.o
#10 1856.8 [ 98%] Building CXX object src/server/scripts/CMakeFiles/scripts.dir/Spells/spell_shaman.cpp.o
#10 1864.5 [ 98%] Building CXX object src/server/scripts/CMakeFiles/scripts.dir/Spells/spell_warlock.cpp.o
#10 1872.1 [ 98%] Building CXX object src/server/scripts/CMakeFiles/scripts.dir/Spells/spell_warrior.cpp.o
#10 1873.6 [ 98%] Building CXX object src/server/scripts/CMakeFiles/scripts.dir/World/achievement_scripts.cpp.o
#10 1877.3 [ 98%] Building CXX object src/server/scripts/CMakeFiles/scripts.dir/World/action_ip_logger.cpp.o
#10 1879.6 [ 98%] Building CXX object src/server/scripts/CMakeFiles/scripts.dir/World/areatrigger_scripts.cpp.o
#10 1881.0 [ 98%] Building CXX object src/server/scripts/CMakeFiles/scripts.dir/World/chat_log.cpp.o
#10 1884.2 [ 98%] Building CXX object src/server/scripts/CMakeFiles/scripts.dir/World/duel_reset.cpp.o
#10 1887.5 [ 98%] Building CXX object src/server/scripts/CMakeFiles/scripts.dir/World/go_scripts.cpp.o
#10 1888.0 [ 99%] Building CXX object src/server/scripts/CMakeFiles/scripts.dir/World/guards.cpp.o
#10 1889.4 [ 99%] Building CXX object src/server/scripts/CMakeFiles/scripts.dir/World/item_scripts.cpp.o
#10 1891.8 [ 99%] Building CXX object src/server/scripts/CMakeFiles/scripts.dir/World/mob_generic_creature.cpp.o
#10 1892.0 [ 99%] Building CXX object src/server/scripts/CMakeFiles/scripts.dir/World/npc_innkeeper.cpp.o
#10 1892.7 [ 99%] Building CXX object src/server/scripts/CMakeFiles/scripts.dir/World/npc_professions.cpp.o
#10 1895.5 [ 99%] Building CXX object src/server/scripts/CMakeFiles/scripts.dir/World/npcs_special.cpp.o
#10 1895.9 [ 99%] Building CXX object src/server/scripts/CMakeFiles/scripts.dir/World/world_map_scripts.cpp.o
#10 1896.8 [ 99%] Building CXX object src/server/scripts/CMakeFiles/scripts.dir/World/world_script_loader.cpp.o
#10 1906.5 [ 99%] Linking CXX static library libscripts.a
#10 2085.0 [ 99%] Built target scripts
#10 2085.0 [ 99%] Building CXX object src/server/worldserver/CMakeFiles/worldserver.dir/cmake_pch.hxx.gch
#10 2089.9 [ 99%] Building CXX object src/server/worldserver/CMakeFiles/worldserver.dir/CommandLine/CliRunnable.cpp.o
#10 2089.9 [ 99%] Building CXX object src/server/worldserver/CMakeFiles/worldserver.dir/RemoteAccess/RASession.cpp.o
#10 2089.9 [ 99%] Building CXX object src/server/worldserver/CMakeFiles/worldserver.dir/Main.cpp.o
#10 2089.9 [ 99%] Building CXX object src/server/worldserver/CMakeFiles/worldserver.dir/TCSoap/TCSoap.cpp.o
#10 2108.3 [100%] Linking CXX executable worldserver
#10 2206.9 [100%] Built target worldserver
#10 2207.0 Consolidate compiler generated dependencies of target g3dlib
#10 2207.0 [  3%] Built target g3dlib
#10 2207.0 Consolidate compiler generated dependencies of target Detour
#10 2207.1 [  3%] Built target Detour
#10 2207.1 Consolidate compiler generated dependencies of target Recast
#10 2207.1 [  4%] Built target Recast
#10 2207.1 Consolidate compiler generated dependencies of target fmt
#10 2207.1 [  4%] Built target fmt
#10 2207.2 Consolidate compiler generated dependencies of target jemalloc
#10 2207.3 [  9%] Built target jemalloc
#10 2207.3 Consolidate compiler generated dependencies of target gsoap
#10 2207.3 [  9%] Built target gsoap
#10 2207.3 Consolidate compiler generated dependencies of target argon2
#10 2207.3 [  9%] Built target argon2
#10 2207.5 Consolidate compiler generated dependencies of target storm
#10 2207.6 [ 22%] Built target storm
#10 2207.8 [ 22%] Built target revision_data.h
#10 2207.8 Consolidate compiler generated dependencies of target common
#10 2207.9 [ 25%] Built target common
#10 2207.9 Consolidate compiler generated dependencies of target database
#10 2207.9 [ 27%] Built target database
#10 2208.0 Consolidate compiler generated dependencies of target shared
#10 2208.0 [ 28%] Built target shared
#10 2208.0 Consolidate compiler generated dependencies of target authserver
#10 2208.1 [ 29%] Built target authserver
#10 2208.4 Consolidate compiler generated dependencies of target game
#10 2208.4 [ 49%] Built target game
#10 2208.8 Consolidate compiler generated dependencies of target scripts
#10 2208.9 [ 98%] Built target scripts
#10 2208.9 Consolidate compiler generated dependencies of target modules
#10 2208.9 [ 98%] Built target modules
#10 2208.9 Consolidate compiler generated dependencies of target worldserver
#10 2209.0 [ 99%] Built target worldserver
#10 2209.0 Consolidate compiler generated dependencies of target connection_patcher
#10 2209.0 [ 99%] Built target connection_patcher
#10 2209.1 Consolidate compiler generated dependencies of target mapextractor
#10 2209.1 [ 99%] Built target mapextractor
#10 2209.1 Consolidate compiler generated dependencies of target vmap4assembler
#10 2209.1 [100%] Built target vmap4assembler
#10 2209.1 Consolidate compiler generated dependencies of target vmap4extractor
#10 2209.2 [100%] Built target vmap4extractor
#10 2209.2 Consolidate compiler generated dependencies of target mmaps_generator
#10 2209.2 [100%] Built target mmaps_generator
#10 2209.2 Install the project...
#10 2209.2 -- Install configuration: "RelWithDebInfo"
#10 2209.3 -- Installing: /trinity/bin/authserver
#10 2209.5 -- Set runtime path of "/trinity/bin/authserver" to "/trinity/lib"
#10 2209.5 -- Installing: /trinity/etc/authserver.conf.dist
#10 2209.5 -- Installing: /trinity/bin/worldserver
#10 2224.5 -- Set runtime path of "/trinity/bin/worldserver" to "/trinity/lib"
#10 2224.5 -- Installing: /trinity/etc/worldserver.conf.dist
#10 2224.6 -- Installing: /trinity/bin/connection_patcher
#10 2225.2 -- Set runtime path of "/trinity/bin/connection_patcher" to "/trinity/lib"
#10 2225.2 -- Installing: /trinity/bin/mapextractor
#10 2225.8 -- Set runtime path of "/trinity/bin/mapextractor" to "/trinity/lib"
#10 2225.8 -- Installing: /trinity/bin/vmap4assembler
#10 2226.8 -- Set runtime path of "/trinity/bin/vmap4assembler" to "/trinity/lib"
#10 2226.9 -- Installing: /trinity/bin/vmap4extractor
#10 2228.1 -- Set runtime path of "/trinity/bin/vmap4extractor" to "/trinity/lib"
#10 2228.1 -- Installing: /trinity/bin/mmaps_generator
#10 2229.6 -- Set runtime path of "/trinity/bin/mmaps_generator" to "/trinity/lib"
#10 DONE 2240.5s

#11 [stage-1 2/5] RUN apt-get update && apt-get install -y     libmysqlclient21     default-mysql-client     libssl3     libboost-system1.74.0     libboost-filesystem1.74.0     libboost-thread1.74.0     libboost-program-options1.74.0     libboost-iostreams1.74.0     libboost-regex1.74.0     libreadline8     zlib1g     libbz2-1.0   && rm -rf /var/lib/apt/lists/*
#11 CACHED

#12 [stage-1 3/5] COPY --from=builder /trinity /trinity
#12 DONE 25.4s

#13 [stage-1 4/5] COPY --from=builder /src/sql /src/sql
#13 DONE 12.6s

#14 [stage-1 5/5] WORKDIR /trinity
#14 DONE 0.3s

#15 exporting to image
#15 exporting layers
#15 exporting layers 72.4s done
#15 exporting manifest sha256:43076b8326defdf13b7ad57ce72a83b994c400227566cda2e65e642ded42de51 0.0s done
#15 exporting config sha256:8c82123bd7fa8057091bb5e6368eaa405449a23153baefce80b6c4bb4b9dd69c 0.0s done
#15 exporting attestation manifest sha256:c77f527a6043a835cad7d0a6984c12819ce4fc1b2d53f71e6eaef9826d1982a1
#15 exporting attestation manifest sha256:c77f527a6043a835cad7d0a6984c12819ce4fc1b2d53f71e6eaef9826d1982a1 0.1s done
#15 exporting manifest list sha256:57941ba8d9a4058b8a0732b646b4b8b104625437d1832b3ec57af288674460a6 0.0s done
#15 naming to docker.io/library/trinitycore:local done
#15 unpacking to docker.io/library/trinitycore:local
#15 unpacking to docker.io/library/trinitycore:local 20.9s done
#15 DONE 94.1s

#16 resolving provenance for metadata file
#16 DONE 1.9s
 Image trinitycore:local Built 
 Container trinity-db Running 
 Container trinity-world Recreate 
 Container trinity-world Recreated 
Attaching to trinity-world
 Container trinity-db Waiting 
 Container trinity-db Healthy 
 Container trinity-world Starting 
 Container trinity-world Started 
trinity-world  | TrinityCore rev. d41335628098+ 2026-04-13 08:22:43 +0200 (acore-compat branch) (Unix, RelWithDebInfo, Static) (worldserver-daemon)
trinity-world  | <Ctrl-C> to stop.
trinity-world  | 
trinity-world  |  ______                       __
trinity-world  | /\__  _\       __          __/\ \__
trinity-world  | \/_/\ \/ _ __ /\_\    ___ /\_\ \, _\  __  __
trinity-world  |    \ \ \/\`'__\/\ \ /' _ `\/\ \ \ \/ /\ \/\ \
trinity-world  |     \ \ \ \ \/ \ \ \/\ \/\ \ \ \ \ \_\ \ \_\ \
trinity-world  |      \ \_\ \_\  \ \_\ \_\ \_\ \_\ \__\\/`____ \
trinity-world  |       \/_/\/_/   \/_/\/_/\/_/\/_/\/__/ `/___/> \
trinity-world  |                                  C O R E  /\___/
trinity-world  | http://TrinityCore.org                    \/__/
trinity-world  | 
trinity-world  | Using configuration file /trinity/etc/worldserver.conf.
trinity-world  | Using SSL version: OpenSSL 3.0.2 15 Mar 2022 (library: OpenSSL 3.0.2 15 Mar 2022)
trinity-world  | Using Boost version: 1.74.0
trinity-world  | Updating Auth database...
trinity-world  | >> Auth database is up-to-date! Containing 5 new and 71 archived updates.
trinity-world  | Updating Character database...
trinity-world  | >> Character database is up-to-date! Containing 7 new and 68 archived updates.
trinity-world  | Updating World database...
trinity-world  | >> World database is up-to-date! Containing 171 new and 4789 archived updates.
trinity-world  | Updating Hotfixes database...
trinity-world  | >> Hotfixes database is up-to-date! Containing 1 new and 19 archived updates.
trinity-world  | Realm running as realm ID 1 region 2 battlegroup 1
trinity-world  | Using World DB: TDB 434.22011
trinity-world  | Using enUS DBC Locale
trinity-world  | Will clear `logs` table of entries older than 1209600 seconds every 10 minutes.
trinity-world  | Client cache version set to: 22011
trinity-world  | Using DataDir /trinity/data/
trinity-world  | WORLD: MMap data directory is: /trinity/data/mmaps
trinity-world  | VMap support included. LineOfSight: 1, getHeight: 1, indoorCheck: 1
trinity-world  | VMap data directory is: /trinity/data/vmaps
trinity-world  | Loading Trinity strings...
trinity-world  | >> Loaded 991 trinity strings in 37 ms
trinity-world  | Initialize data stores...
trinity-world  | >> Initialized 167 DBC data stores in 3216 ms
trinity-world  | >> Initialized 5 DB2 data stores in 1207 ms
trinity-world  | >> Loading Cinematic Camera files
trinity-world  | >> Loaded 0 cinematic waypoint sets in 34 ms
trinity-world  | Loading IP Location Database...
trinity-world  | Initializing PlayerDump tables...
trinity-world  | >> Initialized tables for PlayerDump in 393 ms.
trinity-world  | Loading SpellInfo store...
trinity-world  | >> Loaded SpellInfo store in 109 ms
trinity-world  | Loading SpellInfo corrections...
trinity-world  | >> Loaded SpellInfo corrections in 14 ms
trinity-world  | Loading SkillLineAbilityMultiMap Data...
trinity-world  | >> Loaded 8384 SkillLineAbility MultiMap Data in 1 ms
trinity-world  | Loading SpellInfo custom attributes...
trinity-world  | >> Loaded 195 spell custom attributes from DB in 14 ms
trinity-world  | >> Loaded SpellInfo custom attributes in 66 ms
trinity-world  | Loading SpellInfo diminishing infos...
trinity-world  | >> Loaded SpellInfo diminishing infos in 17 ms
trinity-world  | Loading SpellInfo immunity infos...
trinity-world  | >> Loaded SpellInfo immunity infos in 17 ms
trinity-world  | Loading GameObject models...
trinity-world  | Loading Script Names...
trinity-world  | >> Loaded 4042 ScriptNames in 2476 ms
trinity-world  | Loading Instance Template...
trinity-world  | >> Loaded 91 instance templates in 1 ms
trinity-world  | Loading instances...
trinity-world  | >> Loaded instances in 44 ms
trinity-world  | Loading character cache store...
trinity-world  | Loaded character infos for 7 characters in 0 ms
trinity-world  | Loading Broadcast texts...
trinity-world  | >> Loaded 73039 broadcast texts in 614 ms
trinity-world  | >> Loaded 73039 broadcast text locales in 3834 ms
trinity-world  | Loading Localization strings...
trinity-world  | >> Loaded 27246 creature locale strings in 654 ms
trinity-world  | >> Loaded 19670 gameobject_template_locale strings in 528 ms
trinity-world  | >> Loaded 14579 Quest locale strings in 1626 ms
trinity-world  | >> Loaded 1946 PageText locale strings in 418 ms
trinity-world  | >> Loaded 453 points_of_interest locale strings in 104 ms
trinity-world  | >> Loaded 0 quest_greeting locales. DB table `quest_greeting_locale` is empty.
trinity-world  | >> Localization strings loaded in 3516 ms
trinity-world  | Loading Account Roles and Permissions...
trinity-world  | >> Loaded 666 permission definitions, 650 linked permissions and 4 default permissions in 269 ms
trinity-world  | Loading Page Texts...
trinity-world  | >> Loaded 1962 page texts in 99 ms
trinity-world  | Loading Game Object Templates...
trinity-world  | >> Loaded 29501 game object templates in 267 ms
trinity-world  | Loading Game Object template addons...
trinity-world  | >> Loaded 29495 game object template addons in 192 ms
trinity-world  | Loading Transport templates...
trinity-world  | >> Loaded 43 transport templates in 29 ms
trinity-world  | Loading Transport animations and rotations...
trinity-world  | Loading Transport spawns...
trinity-world  | >> Spawned 0 continent transports in 1 ms
trinity-world  | Loading Spell Rank Data...
trinity-world  | >> Loaded 174 spell rank records in 116 ms
trinity-world  | Loading Spell Required Data...
trinity-world  | >> Loaded 22 spell required records in 66 ms
trinity-world  | Loading Spell Group types...
trinity-world  | >> Loaded 550 spell group definitions in 139 ms
trinity-world  | Loading Spell Learn Skills...
trinity-world  | >> Loaded 137 Spell Learn Skills from DBC in 4 ms
trinity-world  | Loading SpellInfo SpellSpecific and AuraState...
trinity-world  | >> Loaded SpellInfo SpellSpecific and AuraState in 15 ms
trinity-world  | Loading Spell Learn Spells...
trinity-world  | The spell 17002 listed in `spell_learn_spell` attempts learning talent spell 24867, skipped.
trinity-world  | The spell 24866 listed in `spell_learn_spell` attempts learning talent spell 24864, skipped.
trinity-world  | The spell 33872 listed in `spell_learn_spell` attempts learning talent spell 47179, skipped.
trinity-world  | The spell 33873 listed in `spell_learn_spell` attempts learning talent spell 47180, skipped.
trinity-world  | >> Loaded 24 spell learn spells, 512 found in Spell.dbc and 31 from TalentTab.dbc in 192 ms
trinity-world  | Loading Spell Proc conditions and data...
trinity-world  | >> Loaded 1556 spell proc conditions and data in 901 ms
trinity-world  | Generating spell proc data from SpellMap...
trinity-world  | Spell Id 36488 has SPELL_ATTR3_CAN_PROC_FROM_PROCS attribute and no restriction on what spells can cause it to proc and no cooldown. This spell can cause infinite proc loops. Proc data for this spell was not generated, data in `spell_proc` table is required for it to function!
trinity-world  | Spell Id 39440 has SPELL_ATTR3_CAN_PROC_FROM_PROCS attribute and no restriction on what spells can cause it to proc and no cooldown. This spell can cause infinite proc loops. Proc data for this spell was not generated, data in `spell_proc` table is required for it to function!
trinity-world  | Spell Id 47261 has SPELL_ATTR3_CAN_PROC_FROM_PROCS attribute and no restriction on what spells can cause it to proc and no cooldown. This spell can cause infinite proc loops. Proc data for this spell was not generated, data in `spell_proc` table is required for it to function!
trinity-world  | Spell Id 47262 has SPELL_ATTR3_CAN_PROC_FROM_PROCS attribute and no restriction on what spells can cause it to proc and no cooldown. This spell can cause infinite proc loops. Proc data for this spell was not generated, data in `spell_proc` table is required for it to function!
trinity-world  | Spell Id 67726 has SPELL_ATTR3_CAN_PROC_FROM_PROCS attribute and no restriction on what spells can cause it to proc and no cooldown. This spell can cause infinite proc loops. Proc data for this spell was not generated, data in `spell_proc` table is required for it to function!
trinity-world  | Spell Id 67736 has SPELL_ATTR3_CAN_PROC_FROM_PROCS attribute and no restriction on what spells can cause it to proc and no cooldown. This spell can cause infinite proc loops. Proc data for this spell was not generated, data in `spell_proc` table is required for it to function!
trinity-world  | Spell Id 67740 has SPELL_ATTR3_CAN_PROC_FROM_PROCS attribute and no restriction on what spells can cause it to proc and no cooldown. This spell can cause infinite proc loops. Proc data for this spell was not generated, data in `spell_proc` table is required for it to function!
trinity-world  | Spell Id 67744 has SPELL_ATTR3_CAN_PROC_FROM_PROCS attribute and no restriction on what spells can cause it to proc and no cooldown. This spell can cause infinite proc loops. Proc data for this spell was not generated, data in `spell_proc` table is required for it to function!
trinity-world  | Spell Id 85556 has SPELL_ATTR3_CAN_PROC_FROM_PROCS attribute and no restriction on what spells can cause it to proc and no cooldown. This spell can cause infinite proc loops. Proc data for this spell was not generated, data in `spell_proc` table is required for it to function!
trinity-world  | >> Generated spell proc data for 1620 spells in 5 ms
trinity-world  | Loading Aggro Spells Definitions...
trinity-world  | >> Loaded 44 SpellThreatEntries in 129 ms
trinity-world  | Loading Spell Group Stack Rules...
trinity-world  | >> Loaded 41 spell group stack rules in 1 ms
trinity-world  | >> Parsing SPELL_GROUP_STACK_RULE_EXCLUSIVE_SAME_EFFECT stack rules...
trinity-world  | >> Parsed 23 SPELL_GROUP_STACK_RULE_EXCLUSIVE_SAME_EFFECT stack rules in 0 ms
trinity-world  | Loading NPC Texts...
trinity-world  | >> Loaded 8406 npc texts in 240 ms
trinity-world  | Loading Enchant Spells Proc datas...
trinity-world  | >> Loaded 45 enchant proc data definitions in 41 ms
trinity-world  | Loading Item Random Enchantments Table...
trinity-world  | >> Loaded 29217 Item Enchantment definitions in 117 ms
trinity-world  | Loading Disables
trinity-world  | >> Loaded 5211 disables in 81 ms
trinity-world  | Loading Items...
trinity-world  | >> Loaded 54288 item templates in 33 ms
trinity-world  | Loading Item set names...
trinity-world  | >> Loaded 622 item addon templates in 78 ms
trinity-world  | >> Loaded 14 item script names in 4 ms
trinity-world  | Loading Creature Model Based Info Data...
trinity-world  | >> Loaded 31775 creature model based info in 687 ms
trinity-world  | Loading Creature templates...
trinity-world  | >> Loaded 64867 creature template models in 237 ms
trinity-world  | >> Loaded 46627 creature definitions in 1681 ms
trinity-world  | Loading Equipment templates...
trinity-world  | >> Loaded 16165 equipment templates in 223 ms
trinity-world  | Loading Creature template addons...
trinity-world  | >> Loaded 46612 creature template addons in 267 ms
trinity-world  | Loading Reputation Reward Rates...
trinity-world  | >> Loaded 16 reputation_reward_rate in 67 ms
trinity-world  | Loading Creature Reward OnKill Data...
trinity-world  | >> Loaded 2343 creature award reputation definitions in 186 ms
trinity-world  | Loading Reputation Spillover Data...
trinity-world  | >> Loaded 28 reputation_spillover_template in 123 ms
trinity-world  | Loading Points Of Interest Data...
trinity-world  | >> Loaded 603 Points of Interest definitions in 265 ms
trinity-world  | Loading Database Game Tables...
trinity-world  | >> Loaded 0 npc total health game table entries in 660 ms
trinity-world  | >> Loaded 0 npc damage by class game table entries in 296 ms
trinity-world  | Loading Creature Base Stats...
trinity-world  | >> Loaded 400 creature base stats in 55 ms
trinity-world  | Loading Spawn Group Templates...
trinity-world  | >> Loaded 98 spawn group templates in 73 ms
trinity-world  | Loading Creature Data...
trinity-world  | >> Loaded 221766 creatures in 4786 ms
trinity-world  | Loading Temporary Summon Data...
trinity-world  | >> Loaded 869 temp summons in 316 ms
trinity-world  | Loading pet levelup spells...
trinity-world  | >> Loaded 263 pet levelup and default spells for 50 families in 31 ms
trinity-world  | Loading pet default spells additional to levelup spells...
trinity-world  | >> Loaded addition spells for 0 pet spell data entries in 7 ms
trinity-world  | Loading summonable creature templates...
trinity-world  | >> Loaded 427 summonable creature templates in 10 ms
trinity-world  | Loading Creature Addon Data...
trinity-world  | >> Loaded 51929 creature addons in 452 ms
trinity-world  | Loading Creature Movement Overrides...
trinity-world  | >> Loaded 0 creature movement overrides. DB table `creature_movement_override` is empty!
trinity-world  | Loading Creature Movement Info...
trinity-world  | >> Loaded 270 creature movement info override entries in 104 ms
trinity-world  | Loading Gameobject Data...
trinity-world  | >> Loaded 78914 gameobjects in 4414 ms
trinity-world  | Loading Spawn Group Data...
trinity-world  | >> Loaded 94611 spawn group members in 1570 ms
trinity-world  | Loading instance spawn groups...
trinity-world  | >> Loaded 27 instance spawn groups in 38 ms
trinity-world  | Loading GameObject Addon Data...
trinity-world  | >> Loaded 24493 gameobject addons in 179 ms
trinity-world  | Loading GameObject Quest Items...
trinity-world  | >> Loaded 1352 gameobject quest items in 78 ms
trinity-world  | Loading Creature Quest Items...
trinity-world  | >> Loaded 5361 creature quest items in 367 ms
trinity-world  | Loading Creature Sparring Data...
trinity-world  | >> Loaded 0 creature sparring templates in 118 ms
trinity-world  | Loading Creature Linked Respawn...
trinity-world  | >> Loaded 5239 linked respawns in 153 ms
trinity-world  | Loading Weather Data...
trinity-world  | >> Loaded 36 weather definitions in 29 ms
trinity-world  | Loading Quests...
trinity-world  | >> Loaded 14991 quests definitions in 3954 ms
trinity-world  | Checking Quest Disables
trinity-world  | >> Checked 5124 quest disables in 0 ms
trinity-world  | Loading Quest POI
trinity-world  | >> Loaded 13941 quest POI definitions in 936 ms
trinity-world  | Loading Quest Money Rewards
trinity-world  | >> Loaded 100 quest money reward entries in 65 ms
trinity-world  | Loading Quests Starters and Enders...
trinity-world  | Loading GO Start Quest Data...
trinity-world  | >> Loaded 618 quest relations from gameobject_queststarter in 124 ms
trinity-world  | Loading GO End Quest Data...
trinity-world  | >> Loaded 517 quest relations from gameobject_questender in 138 ms
trinity-world  | Loading Creature Start Quest Data...
trinity-world  | >> Loaded 8725 quest relations from creature_queststarter in 319 ms
trinity-world  | Loading Creature End Quest Data...
trinity-world  | >> Loaded 9136 quest relations from creature_questender in 277 ms
trinity-world  | Loading Quests Greetings...
trinity-world  | >> Loaded 0 quest greetings. DB table `quest_greeting` is empty.
trinity-world  | Loading Objects Pooling Data...
trinity-world  | >> Loaded 1721 objects pools in 170 ms
trinity-world  | Loading Creatures Pooling Data...
trinity-world  | >> Loaded 835 creatures in pools in 1 ms
trinity-world  | Loading Gameobject Pooling Data...
trinity-world  | >> Loaded 7404 gameobject in pools in 9 ms
trinity-world  | Loading Mother Pooling Data...
trinity-world  | >> Loaded 1218 pools in mother pools in 367 ms
trinity-world  | Starting objects pooling system...
trinity-world  | Loading Quest Pooling Data...
trinity-world  | >> Loaded 56 daily, 5 weekly and 0 monthly quest pools in 373 ms
trinity-world  | Loading Game Event Data...
trinity-world  | >> Loaded 156 holiday dates in 195 ms
trinity-world  | >> Loaded 78 game events in 28 ms.
trinity-world  | Loading Game Event Saves Data...
trinity-world  | >> Loaded 0 game event saves in game events. DB table `game_event_save` is empty.
trinity-world  | Loading Game Event Prerequisite Data...
trinity-world  | >> Loaded 0 game event prerequisites in game events. DB table `game_event_prerequisite` is empty.
trinity-world  | Loading Game Event Creature Data...
trinity-world  | >> Loaded 2715 creatures in game events in 7 ms.
trinity-world  | Loading Game Event GO Data...
trinity-world  | >> Loaded 21848 gameobjects in game events in 24 ms.
trinity-world  | Loading Game Event Model/Equipment Change Data...
trinity-world  | >> Loaded 22 model/equipment changes in game events in 179 ms.
trinity-world  | Loading Game Event Quest Data...
trinity-world  | >> Loaded 327 quests additions in game events in 661 ms.
trinity-world  | Loading Game Event GO Quest Data...
trinity-world  | >> Loaded 189 quests additions in game events in 59 ms.
trinity-world  | Loading Game Event Quest Condition Data...
trinity-world  | >> Loaded 0 quest event conditions in game events. DB table `game_event_quest_condition` is empty.
trinity-world  | Loading Game Event Condition Data...
trinity-world  | >> Loaded 0 conditions in game events. DB table `game_event_condition` is empty.
trinity-world  | Loading Game Event Condition Save Data...
trinity-world  | >> Loaded 0 condition saves in game events. DB table `game_event_condition_save` is empty.
trinity-world  | Loading Game Event NPCflag Data...
trinity-world  | >> Loaded 0 npcflags in game events. DB table `game_event_npcflag` is empty.
trinity-world  | Loading Game Event Seasonal Quest Relations...
trinity-world  | >> Loaded 690 quests additions in game events in 31 ms.
trinity-world  | Loading Game Event Vendor Additions Data...
trinity-world  | >> Loaded 2 vendor additions in game events in 45 ms.
trinity-world  | Loading Game Event Battleground Holiday Data...
trinity-world  | >> Loaded 8 battleground holidays in game events in 162 ms.
trinity-world  | Loading Game Event Pool Data...
trinity-world  | >> Loaded 2 pools for game events in 1 ms.
trinity-world  | Loading UNIT_NPC_FLAG_SPELLCLICK Data...
trinity-world  | >> Loaded 699 spellclick definitions in 191 ms
trinity-world  | Loading Vehicle Template Accessories...
trinity-world  | >> Loaded 423 Vehicle Template Accessories in 207 ms
trinity-world  | Loading Vehicle Accessories...
trinity-world  | >> Loaded 0 Vehicle Accessories in 153 ms
trinity-world  | Loading Vehicle Seat Addon Data...
trinity-world  | >> Loaded 15 Vehicle Seat Addon entries in 131 ms
trinity-world  | Loading SpellArea Data...
trinity-world  | >> Loaded 872 spell area requirements in 188 ms
trinity-world  | Loading AreaTrigger definitions...
trinity-world  | >> Loaded 316 area trigger teleport definitions in 192 ms
trinity-world  | Loading Access Requirements...
trinity-world  | >> Loaded 152 access requirement definitions in 345 ms
trinity-world  | Loading Quest Area Triggers...
trinity-world  | >> Loaded 49 quest trigger points in 158 ms
trinity-world  | Loading Tavern Area Triggers...
trinity-world  | >> Loaded 175 tavern triggers in 45 ms
trinity-world  | Loading AreaTrigger script names...
trinity-world  | >> Loaded 229 areatrigger scripts in 1 ms
trinity-world  | Loading LFG entrance positions...
trinity-world  | >> Loaded 67 lfg dungeon templates in 134 ms
trinity-world  | Loading Dungeon boss data...
trinity-world  | >> Loaded 617 instance encounters in 32 ms
trinity-world  | Loading LFG rewards...
trinity-world  | >> Loaded 20 lfg dungeon rewards in 132 ms
trinity-world  | Loading Graveyard-zone links...
trinity-world  | >> Loaded 855 graveyard-zone links in 512 ms
trinity-world  | Loading Graveyard Orientations...
trinity-world  | >> Loaded 1016 graveyard orientations in 231 ms
trinity-world  | Loading spell pet auras...
trinity-world  | >> Loaded 34 spell pet auras in 165 ms
trinity-world  | Loading Spell target coordinates...
trinity-world  | >> Loaded 1438 spell teleport coordinates in 343 ms
trinity-world  | Loading linked spells...
trinity-world  | >> Loaded 413 linked spells in 164 ms
trinity-world  | Loading Player Create Data...
trinity-world  | >> Loaded 91 player create definitions in 90 ms
trinity-world  | Loading Player Create Items Data...
trinity-world  | >> Loaded 1 custom player create items in 94 ms
trinity-world  | Loading Player Create Skill Data...
trinity-world  | >> Loaded player create skills in 1 ms
trinity-world  | Loading Player Create Custom Spell Data...
trinity-world  | >> Loaded 4507 custom player create spells in 34 ms
trinity-world  | Loading Player Create Cast Spell Data...
trinity-world  | >> Loaded 63 player create cast spells in 108 ms
trinity-world  | Loading Player Create Action Data...
trinity-world  | >> Loaded 352 player create actions in 32 ms
trinity-world  | Loading Player Create Level Stats Data...
trinity-world  | >> Loaded 850 level stats definitions in 199 ms
trinity-world  | Loading Player Create XP Data...
trinity-world  | >> Loaded 84 xp for level definitions in 56 ms
trinity-world  | Loading Exploration BaseXP Data...
trinity-world  | >> Loaded 80 BaseXP definitions in 40 ms
trinity-world  | Loading Pet Name Parts...
trinity-world  | >> Loaded 313 pet name parts in 3 ms
trinity-world  | Loading the max pet number...
trinity-world  | >> Loaded the max pet number: 1 in 47 ms
trinity-world  | Loading pet level stats...
trinity-world  | >> Loaded 2720 level pet stats definitions in 106 ms
trinity-world  | Loading Player level dependent mail rewards...
trinity-world  | >> Loaded 24 level dependent mail rewards in 44 ms
trinity-world  | Loading creature loot templates...
trinity-world  | >> Loaded 528193 creature loot templates in 1925 ms
trinity-world  | Loading fishing loot templates...
trinity-world  | >> Loaded 266 fishing loot templates in 121 ms
trinity-world  | Loading gameobject loot templates...
trinity-world  | >> Loaded 19834 gameobject loot templates in 592 ms
trinity-world  | Loading item loot templates...
trinity-world  | >> Loaded 5031 item loot templates in 367 ms
trinity-world  | Loading mail loot templates...
trinity-world  | >> Loaded 90 mail loot templates in 11 ms
trinity-world  | Loading milling loot templates...
trinity-world  | >> Loaded 51 milling loot templates in 11 ms
trinity-world  | Loading pickpocketing loot templates...
trinity-world  | >> Loaded 10981 pickpocketing loot templates in 316 ms
trinity-world  | Loading skinning loot templates...
trinity-world  | >> Loaded 3390 skinning loot templates in 49 ms
trinity-world  | Loading disenchanting loot templates...
trinity-world  | >> Loaded 180 disenchanting loot templates in 3 ms
trinity-world  | Loading prospecting loot templates...
trinity-world  | >> Loaded 43 prospecting loot templates in 46 ms
trinity-world  | Loading spell loot templates...
trinity-world  | >> Loaded 292 spell loot templates in 7 ms
trinity-world  | Loading reference loot templates...
trinity-world  | >> Loaded refence loot templates in 91 ms
trinity-world  | Loading Skill Discovery Table...
trinity-world  | >> Loaded 347 skill discovery definitions in 43 ms.
trinity-world  | Loading Skill Extra Item Table...
trinity-world  | >> Loaded 225 spell specialization definitions in 2 ms
trinity-world  | Loading Skill Perfection Data Table...
trinity-world  | >> Loaded 72 spell perfection definitions in 3 ms.
trinity-world  | Loading Skill Fishing base level requirements...
trinity-world  | >> Loaded 95 areas for fishing base skill level in 2 ms
trinity-world  | Loading Archaeology store...
trinity-world  | >> Loaded 180 archaeology sites in 43 ms
trinity-world  | >> Loaded 180 archaeology site polygons in 72 ms
trinity-world  | >> Loaded 9 archaeology branches in 0 ms
trinity-world  | >> Loaded 139 archaeology projects in 46 ms
trinity-world  | >> Calculated 9 archaeology branch chances in 0 ms
trinity-world  | Loading Achievements...
trinity-world  | >> Loaded 47 achievement references in 2 ms.
trinity-world  | Loading Achievement Criteria Lists...
trinity-world  | >> Loaded 9803 achievement criteria and 952 guild achievement crieteria in 23 ms.
trinity-world  | Loading Achievement Criteria Data...
trinity-world  | >> Loaded 1291 additional achievement criteria data in 2 ms
trinity-world  | Loading Achievement Rewards...
trinity-world  | >> Loaded 120 achievement rewards in 49 ms.
trinity-world  | Loading Achievement Reward Locales...
trinity-world  | >> Loaded 0 achievement reward locale strings.  DB table `achievement_reward_locale` is empty.
trinity-world  | Loading Completed Achievements...
trinity-world  | >> Loaded 77 realm first completed achievements in 3 ms.
trinity-world  | Loading Item Auctions...
trinity-world  | >> Loaded 0 auction items. DB table `auctionhouse` or `item_instance` is empty!
trinity-world  | Loading Auctions...
trinity-world  | >> Loaded 0 auctions. DB table `auctionhouse` is empty.
trinity-world  | Loading Guild XP for level...
trinity-world  | >> Loaded 24 xp for guild level definitions in 2 ms
trinity-world  | Loading Guild rewards...
trinity-world  | >> Loaded 42 guild reward definitions in 2 ms
trinity-world  | Initializing Guild Profession Data Store...
trinity-world  | Loading Guild Challenges...
trinity-world  | >> Loaded 4 guild challenge definitions in 2 ms
trinity-world  | Loading Guilds...
trinity-world  | Loading guilds definitions...
trinity-world  | >> Loaded 0 guild definitions. DB table `guild` is empty.
trinity-world  | Loading guild finder guild-related settings...
trinity-world  | >> Loaded 0 guild finder guild-related settings. Table `guild_finder_guild_settings` is empty.
trinity-world  | Loading guild finder membership requests...
trinity-world  | >> Loaded 0 guild finder membership requests. Table `guild_finder_applicant` is empty.
trinity-world  | Loading ArenaTeams...
trinity-world  | >> Loaded 0 arena teams. DB table `arena_team` is empty!
trinity-world  | Loading Groups...
trinity-world  | >> Loaded 0 group definitions. DB table `groups` is empty!
trinity-world  | Loading ReservedNames...
trinity-world  | >> Loaded 0 reserved player names. DB table `reserved_name` is empty!
trinity-world  | Loading GameObjects for quests...
trinity-world  | >> Loaded 2750 GameObjects for quests in 8 ms
trinity-world  | Loading BattleMasters...
trinity-world  | >> Loaded 171 battlemaster entries in 25 ms
trinity-world  | Loading GameTeleports...
trinity-world  | >> Loaded 1531 GameTeleports in 153 ms
trinity-world  | Loading Trainers...
trinity-world  | >> Loaded 88 Trainers in 284 ms
trinity-world  | Loading Gossip menu...
trinity-world  | >> Loaded 8225 gossip_menu IDs in 47 ms
trinity-world  | Loading Gossip menu options...
trinity-world  | >> Loaded 5851 gossip_menu_option entries in 122 ms
trinity-world  | Loading Creature trainers...
trinity-world  | >> Loaded 1187 default trainers in 41 ms
trinity-world  | Loading Vendors...
trinity-world  | >> Loaded 45703 Vendors in 464 ms
trinity-world  | Loading Waypoints...
trinity-world  | >> Loaded 110626 waypoints in 492 ms
trinity-world  | Loading Waypoint Addons...
trinity-world  | >> Loaded 639 waypoint addon data in 78 ms
trinity-world  | Loading SmartAI Waypoints...
trinity-world  | >> Loaded 586 SmartAI waypoint paths (total 7064 waypoints) in 31 ms
trinity-world  | Loading Creature Formations...
trinity-world  | >> Loaded 2517 creatures in formations in 185 ms
trinity-world  | Loading World State templates...
trinity-world  | Table `world_state` contains a world state 3490 with invalid MapID (2118), map ignored
trinity-world  | Table `world_state` contains a world state 3490 with invalid AreaID (10176), area ignored
trinity-world  | Table `world_state` contains a world state 3491 with invalid MapID (2118), map ignored
trinity-world  | Table `world_state` contains a world state 3491 with invalid AreaID (10176), area ignored
trinity-world  | Table `world_state` contains a world state 3600 with invalid MapID (1134), map ignored
trinity-world  | Table `world_state` contains a world state 3600 with invalid MapID (1504), map ignored
trinity-world  | Table `world_state` contains a world state 3600 with invalid MapID (1505), map ignored
trinity-world  | Table `world_state` contains a world state 3600 with invalid MapID (1552), map ignored
trinity-world  | Table `world_state` contains a world state 3600 with invalid MapID (1672), map ignored
trinity-world  | Table `world_state` contains a world state 3600 with invalid MapID (1825), map ignored
trinity-world  | Table `world_state` contains a world state 3600 with invalid MapID (1911), map ignored
trinity-world  | Table `world_state` contains a world state 3600 with invalid MapID (2167), map ignored
trinity-world  | Table `world_state` contains a world state 3600 with invalid MapID (2373), map ignored
trinity-world  | Table `world_state` contains a world state 3600 with invalid MapID (2509), map ignored
trinity-world  | Table `world_state` contains a world state 3600 with invalid MapID (2511), map ignored
trinity-world  | Table `world_state` contains a world state 3600 with invalid MapID (2547), map ignored
trinity-world  | Table `world_state` contains a world state 3601 with invalid MapID (1134), map ignored
trinity-world  | Table `world_state` contains a world state 3601 with invalid MapID (1504), map ignored
trinity-world  | Table `world_state` contains a world state 3601 with invalid MapID (1505), map ignored
trinity-world  | Table `world_state` contains a world state 3601 with invalid MapID (1552), map ignored
trinity-world  | Table `world_state` contains a world state 3601 with invalid MapID (1672), map ignored
trinity-world  | Table `world_state` contains a world state 3601 with invalid MapID (1825), map ignored
trinity-world  | Table `world_state` contains a world state 3601 with invalid MapID (1911), map ignored
trinity-world  | Table `world_state` contains a world state 3601 with invalid MapID (2167), map ignored
trinity-world  | Table `world_state` contains a world state 3601 with invalid MapID (2373), map ignored
trinity-world  | Table `world_state` contains a world state 3601 with invalid MapID (2509), map ignored
trinity-world  | Table `world_state` contains a world state 3601 with invalid MapID (2511), map ignored
trinity-world  | Table `world_state` contains a world state 3601 with invalid MapID (2547), map ignored
trinity-world  | Table `world_state` contains a world state 3610 with invalid MapID (1134), map ignored
trinity-world  | Table `world_state` contains a world state 3610 with invalid MapID (1504), map ignored
trinity-world  | Table `world_state` contains a world state 3610 with invalid MapID (1505), map ignored
trinity-world  | Table `world_state` contains a world state 3610 with invalid MapID (1552), map ignored
trinity-world  | Table `world_state` contains a world state 3610 with invalid MapID (1672), map ignored
trinity-world  | Table `world_state` contains a world state 3610 with invalid MapID (1825), map ignored
trinity-world  | Table `world_state` contains a world state 3610 with invalid MapID (1911), map ignored
trinity-world  | Table `world_state` contains a world state 3610 with invalid MapID (2167), map ignored
trinity-world  | Table `world_state` contains a world state 3610 with invalid MapID (2373), map ignored
trinity-world  | Table `world_state` contains a world state 3610 with invalid MapID (2509), map ignored
trinity-world  | Table `world_state` contains a world state 3610 with invalid MapID (2511), map ignored
trinity-world  | Table `world_state` contains a world state 3610 with invalid MapID (2547), map ignored
trinity-world  | Table `world_state` contains a world state 3680 with invalid MapID (2118), map ignored
trinity-world  | Table `world_state` contains a world state 3680 with invalid AreaID (10176), area ignored
trinity-world  | Table `world_state` contains a world state 3681 with invalid MapID (2118), map ignored
trinity-world  | Table `world_state` contains a world state 3681 with invalid AreaID (10176), area ignored
trinity-world  | Table `world_state` contains a world state 3698 with invalid MapID (2118), map ignored
trinity-world  | Table `world_state` contains a world state 3698 with invalid AreaID (10176), area ignored
trinity-world  | Table `world_state` contains a world state 3699 with invalid MapID (2118), map ignored
trinity-world  | Table `world_state` contains a world state 3699 with invalid AreaID (10176), area ignored
trinity-world  | Table `world_state` contains a world state 3700 with invalid MapID (2118), map ignored
trinity-world  | Table `world_state` contains a world state 3700 with invalid AreaID (10176), area ignored
trinity-world  | Table `world_state` contains a world state 3701 with invalid MapID (2118), map ignored
trinity-world  | Table `world_state` contains a world state 3701 with invalid AreaID (10176), area ignored
trinity-world  | Table `world_state` contains a world state 3702 with invalid MapID (2118), map ignored
trinity-world  | Table `world_state` contains a world state 3702 with invalid AreaID (10176), area ignored
trinity-world  | Table `world_state` contains a world state 3703 with invalid MapID (2118), map ignored
trinity-world  | Table `world_state` contains a world state 3703 with invalid AreaID (10176), area ignored
trinity-world  | Table `world_state` contains a world state 3704 with invalid MapID (2118), map ignored
trinity-world  | Table `world_state` contains a world state 3704 with invalid AreaID (10176), area ignored
trinity-world  | Table `world_state` contains a world state 3705 with invalid MapID (2118), map ignored
trinity-world  | Table `world_state` contains a world state 3705 with invalid AreaID (10176), area ignored
trinity-world  | Table `world_state` contains a world state 3706 with invalid MapID (2118), map ignored
trinity-world  | Table `world_state` contains a world state 3706 with invalid AreaID (10176), area ignored
trinity-world  | Table `world_state` contains a world state 3710 with invalid MapID (2118), map ignored
trinity-world  | Table `world_state` contains a world state 3710 with invalid AreaID (10176), area ignored
trinity-world  | Table `world_state` contains a world state 3711 with invalid MapID (2118), map ignored
trinity-world  | Table `world_state` contains a world state 3711 with invalid AreaID (10176), area ignored
trinity-world  | Table `world_state` contains a world state 3712 with invalid MapID (2118), map ignored
trinity-world  | Table `world_state` contains a world state 3712 with invalid AreaID (10176), area ignored
trinity-world  | Table `world_state` contains a world state 3713 with invalid MapID (2118), map ignored
trinity-world  | Table `world_state` contains a world state 3713 with invalid AreaID (10176), area ignored
trinity-world  | Table `world_state` contains a world state 3714 with invalid MapID (2118), map ignored
trinity-world  | Table `world_state` contains a world state 3714 with invalid AreaID (10176), area ignored
trinity-world  | Table `world_state` contains a world state 3749 with invalid MapID (2118), map ignored
trinity-world  | Table `world_state` contains a world state 3749 with invalid AreaID (10176), area ignored
trinity-world  | Table `world_state` contains a world state 3750 with invalid MapID (2118), map ignored
trinity-world  | Table `world_state` contains a world state 3750 with invalid AreaID (10176), area ignored
trinity-world  | Table `world_state` contains a world state 3751 with invalid MapID (2118), map ignored
trinity-world  | Table `world_state` contains a world state 3751 with invalid AreaID (10176), area ignored
trinity-world  | Table `world_state` contains a world state 3752 with invalid MapID (2118), map ignored
trinity-world  | Table `world_state` contains a world state 3752 with invalid AreaID (10176), area ignored
trinity-world  | Table `world_state` contains a world state 3753 with invalid MapID (2118), map ignored
trinity-world  | Table `world_state` contains a world state 3753 with invalid AreaID (10176), area ignored
trinity-world  | Table `world_state` contains a world state 3754 with invalid MapID (2118), map ignored
trinity-world  | Table `world_state` contains a world state 3754 with invalid AreaID (10176), area ignored
trinity-world  | Table `world_state` contains a world state 3755 with invalid MapID (2118), map ignored
trinity-world  | Table `world_state` contains a world state 3755 with invalid AreaID (10176), area ignored
trinity-world  | Table `world_state` contains a world state 3756 with invalid MapID (2118), map ignored
trinity-world  | Table `world_state` contains a world state 3756 with invalid AreaID (10176), area ignored
trinity-world  | Table `world_state` contains a world state 3757 with invalid MapID (2118), map ignored
trinity-world  | Table `world_state` contains a world state 3757 with invalid AreaID (10176), area ignored
trinity-world  | Table `world_state` contains a world state 3758 with invalid MapID (2118), map ignored
trinity-world  | Table `world_state` contains a world state 3758 with invalid AreaID (10176), area ignored
trinity-world  | Table `world_state` contains a world state 3759 with invalid MapID (2118), map ignored
trinity-world  | Table `world_state` contains a world state 3759 with invalid AreaID (10176), area ignored
trinity-world  | Table `world_state` contains a world state 3760 with invalid MapID (2118), map ignored
trinity-world  | Table `world_state` contains a world state 3760 with invalid AreaID (10176), area ignored
trinity-world  | Table `world_state` contains a world state 3761 with invalid MapID (2118), map ignored
trinity-world  | Table `world_state` contains a world state 3761 with invalid AreaID (10176), area ignored
trinity-world  | Table `world_state` contains a world state 3762 with invalid MapID (2118), map ignored
trinity-world  | Table `world_state` contains a world state 3762 with invalid AreaID (10176), area ignored
trinity-world  | Table `world_state` contains a world state 3763 with invalid MapID (2118), map ignored
trinity-world  | Table `world_state` contains a world state 3763 with invalid AreaID (10176), area ignored
trinity-world  | Table `world_state` contains a world state 3764 with invalid MapID (2118), map ignored
trinity-world  | Table `world_state` contains a world state 3764 with invalid AreaID (10176), area ignored
trinity-world  | Table `world_state` contains a world state 3765 with invalid MapID (2118), map ignored
trinity-world  | Table `world_state` contains a world state 3765 with invalid AreaID (10176), area ignored
trinity-world  | Table `world_state` contains a world state 3766 with invalid MapID (2118), map ignored
trinity-world  | Table `world_state` contains a world state 3766 with invalid AreaID (10176), area ignored
trinity-world  | Table `world_state` contains a world state 3767 with invalid MapID (2118), map ignored
trinity-world  | Table `world_state` contains a world state 3767 with invalid AreaID (10176), area ignored
trinity-world  | Table `world_state` contains a world state 3768 with invalid MapID (2118), map ignored
trinity-world  | Table `world_state` contains a world state 3768 with invalid AreaID (10176), area ignored
trinity-world  | Table `world_state` contains a world state 3769 with invalid MapID (2118), map ignored
trinity-world  | Table `world_state` contains a world state 3769 with invalid AreaID (10176), area ignored
trinity-world  | Table `world_state` contains a world state 3770 with invalid MapID (2118), map ignored
trinity-world  | Table `world_state` contains a world state 3770 with invalid AreaID (10176), area ignored
trinity-world  | Table `world_state` contains a world state 3771 with invalid MapID (2118), map ignored
trinity-world  | Table `world_state` contains a world state 3771 with invalid AreaID (10176), area ignored
trinity-world  | Table `world_state` contains a world state 3772 with invalid MapID (2118), map ignored
trinity-world  | Table `world_state` contains a world state 3772 with invalid AreaID (10176), area ignored
trinity-world  | Table `world_state` contains a world state 3773 with invalid MapID (2118), map ignored
trinity-world  | Table `world_state` contains a world state 3773 with invalid AreaID (10176), area ignored
trinity-world  | Table `world_state` contains a world state 3781 with invalid MapID (2118), map ignored
trinity-world  | Table `world_state` contains a world state 3781 with invalid AreaID (10176), area ignored
trinity-world  | Table `world_state` contains a world state 3801 with invalid MapID (2118), map ignored
trinity-world  | Table `world_state` contains a world state 3801 with invalid AreaID (10176), area ignored
trinity-world  | Table `world_state` contains a world state 3802 with invalid MapID (2118), map ignored
trinity-world  | Table `world_state` contains a world state 3802 with invalid AreaID (10176), area ignored
trinity-world  | Table `world_state` contains a world state 3803 with invalid MapID (2118), map ignored
trinity-world  | Table `world_state` contains a world state 3803 with invalid AreaID (10176), area ignored
trinity-world  | Table `world_state` contains a world state 3815 with invalid MapID (1544), map ignored
trinity-world  | Table `world_state` contains a world state 3816 with invalid MapID (1544), map ignored
trinity-world  | Table `world_state` contains a world state 4022 with invalid MapID (2118), map ignored
trinity-world  | Table `world_state` contains a world state 4022 with invalid AreaID (10176), area ignored
trinity-world  | Table `world_state` contains a world state 4023 with invalid MapID (2118), map ignored
trinity-world  | Table `world_state` contains a world state 4023 with invalid AreaID (10176), area ignored
trinity-world  | Table `world_state` contains a world state 4024 with invalid MapID (2118), map ignored
trinity-world  | Table `world_state` contains a world state 4024 with invalid AreaID (10176), area ignored
trinity-world  | Table `world_state` contains a world state 4025 with invalid MapID (2118), map ignored
trinity-world  | Table `world_state` contains a world state 4025 with invalid AreaID (10176), area ignored
trinity-world  | Table `world_state` contains a world state 4354 with invalid MapID (2118), map ignored
trinity-world  | Table `world_state` contains a world state 4354 with invalid AreaID (10176), area ignored
trinity-world  | >> Loaded 526 world state templates 8 ms
trinity-world  | >> Loaded 0 saved world state values 44 ms
trinity-world  | Loading Persistend World Variables...
trinity-world  | >> Loaded 9 world variables in 1 ms
trinity-world  | Loading Terrain World Map definitions...
trinity-world  | >> Loaded 4 terrain world maps in 38 ms.
trinity-world  | Loading Terrain Swap Default definitions...
trinity-world  | >> Loaded 4 terrain swap defaults in 27 ms.
trinity-world  | Loading Phase Area definitions...
trinity-world  | >> Loaded 25 phase areas in 48 ms.
trinity-world  | Loading Conditions...
trinity-world  | [Condition SourceType: 15 (Gossip Menu Option), SourceGroup: 10974, SourceEntry: 1] GossipMenuId 10974 Item 1 not found.
trinity-world  | [Condition SourceType: 15 (Gossip Menu Option), SourceGroup: 10974, SourceEntry: 1] Not handled grouped condition.
trinity-world  | [Condition SourceType: 15 (Gossip Menu Option), SourceGroup: 10974, SourceEntry: 1] GossipMenuId 10974 Item 1 not found.
trinity-world  | [Condition SourceType: 15 (Gossip Menu Option), SourceGroup: 10974, SourceEntry: 1] Not handled grouped condition.
trinity-world  | [Condition SourceType: 15 (Gossip Menu Option), SourceGroup: 10974, SourceEntry: 1] GossipMenuId 10974 Item 1 not found.
trinity-world  | [Condition SourceType: 15 (Gossip Menu Option), SourceGroup: 10974, SourceEntry: 1] Not handled grouped condition.
trinity-world  | [Condition SourceType: 15 (Gossip Menu Option), SourceGroup: 10974, SourceEntry: 1] GossipMenuId 10974 Item 1 not found.
trinity-world  | [Condition SourceType: 15 (Gossip Menu Option), SourceGroup: 10974, SourceEntry: 1] Not handled grouped condition.
trinity-world  | [Condition SourceType: 15 (Gossip Menu Option), SourceGroup: 10974, SourceEntry: 1] GossipMenuId 10974 Item 1 not found.
trinity-world  | [Condition SourceType: 15 (Gossip Menu Option), SourceGroup: 10974, SourceEntry: 1] Not handled grouped condition.
trinity-world  | [Condition SourceType: 15 (Gossip Menu Option), SourceGroup: 10974, SourceEntry: 1] GossipMenuId 10974 Item 1 not found.
trinity-world  | [Condition SourceType: 15 (Gossip Menu Option), SourceGroup: 10974, SourceEntry: 1] Not handled grouped condition.
trinity-world  | [Condition SourceType: 15 (Gossip Menu Option), SourceGroup: 10974, SourceEntry: 1] GossipMenuId 10974 Item 1 not found.
trinity-world  | [Condition SourceType: 15 (Gossip Menu Option), SourceGroup: 10974, SourceEntry: 1] Not handled grouped condition.
trinity-world  | [Condition SourceType: 15 (Gossip Menu Option), SourceGroup: 10974, SourceEntry: 1] GossipMenuId 10974 Item 1 not found.
trinity-world  | [Condition SourceType: 15 (Gossip Menu Option), SourceGroup: 10974, SourceEntry: 1] Not handled grouped condition.
trinity-world  | [Condition SourceType: 15 (Gossip Menu Option), SourceGroup: 10974, SourceEntry: 1] GossipMenuId 10974 Item 1 not found.
trinity-world  | [Condition SourceType: 15 (Gossip Menu Option), SourceGroup: 10974, SourceEntry: 1] Not handled grouped condition.
trinity-world  | [Condition SourceType: 15 (Gossip Menu Option), SourceGroup: 10974, SourceEntry: 1] GossipMenuId 10974 Item 1 not found.
trinity-world  | [Condition SourceType: 15 (Gossip Menu Option), SourceGroup: 10974, SourceEntry: 1] Not handled grouped condition.
trinity-world  | [Condition SourceType: 15 (Gossip Menu Option), SourceGroup: 10974, SourceEntry: 1] GossipMenuId 10974 Item 1 not found.
trinity-world  | [Condition SourceType: 15 (Gossip Menu Option), SourceGroup: 10974, SourceEntry: 1] Not handled grouped condition.
trinity-world  | [Condition SourceType: 15 (Gossip Menu Option), SourceGroup: 10974, SourceEntry: 1] GossipMenuId 10974 Item 1 not found.
trinity-world  | [Condition SourceType: 15 (Gossip Menu Option), SourceGroup: 10974, SourceEntry: 1] Not handled grouped condition.
trinity-world  | [Condition SourceType: 15 (Gossip Menu Option), SourceGroup: 10974, SourceEntry: 1] GossipMenuId 10974 Item 1 not found.
trinity-world  | [Condition SourceType: 15 (Gossip Menu Option), SourceGroup: 10974, SourceEntry: 1] Not handled grouped condition.
trinity-world  | [Condition SourceType: 15 (Gossip Menu Option), SourceGroup: 10974, SourceEntry: 1] GossipMenuId 10974 Item 1 not found.
trinity-world  | [Condition SourceType: 15 (Gossip Menu Option), SourceGroup: 10974, SourceEntry: 1] Not handled grouped condition.
trinity-world  | [Condition SourceType: 15 (Gossip Menu Option), SourceGroup: 10974, SourceEntry: 1] GossipMenuId 10974 Item 1 not found.
trinity-world  | [Condition SourceType: 15 (Gossip Menu Option), SourceGroup: 10974, SourceEntry: 1] Not handled grouped condition.
trinity-world  | [Condition SourceType: 15 (Gossip Menu Option), SourceGroup: 10974, SourceEntry: 1] GossipMenuId 10974 Item 1 not found.
trinity-world  | [Condition SourceType: 15 (Gossip Menu Option), SourceGroup: 10974, SourceEntry: 1] Not handled grouped condition.
trinity-world  | >> Loaded 15895 conditions in 44 ms
trinity-world  | Loading faction change achievement pairs...
trinity-world  | >> Loaded 124 faction change achievement pairs in 2 ms
trinity-world  | Loading faction change spell pairs...
trinity-world  | >> Loaded 113 faction change spell pairs in 2 ms
trinity-world  | Loading faction change quest pairs...
trinity-world  | >> Loaded 250 faction change quest pairs in 2 ms
trinity-world  | Loading faction change item pairs...
trinity-world  | >> Loaded 752 faction change item pairs in 4 ms
trinity-world  | Loading faction change reputation pairs...
trinity-world  | >> Loaded 17 faction change reputation pairs in 2 ms
trinity-world  | Loading faction change title pairs...
trinity-world  | >> Loaded 22 faction change title pairs in 3 ms
trinity-world  | Loading GM tickets...
trinity-world  | >> Loaded 0 GM tickets. DB table `gm_ticket` is empty!
trinity-world  | Loading GM surveys...
trinity-world  | >> Loaded GM Survey count from database in 39 ms
trinity-world  | Loading client addons...
trinity-world  | >> Loaded 35 known addons in 45 ms
trinity-world  | Returning old mails...
trinity-world  | >> No expired mails found.
trinity-world  | Loading Autobroadcasts...
trinity-world  | >> Loaded 0 autobroadcasts definitions. DB table `autobroadcast` is empty for this realm!
trinity-world  | Loading spell_scripts...
trinity-world  | >> Loaded 143 script definitions in 40 ms
trinity-world  | Loading event_scripts...
trinity-world  | >> Loaded 461 script definitions in 156 ms
trinity-world  | Loading waypoint_scripts...
trinity-world  | >> Loaded 422 script definitions in 82 ms
trinity-world  | Loading spell script names...
trinity-world  | >> Loaded 3282 spell script names in 4 ms
trinity-world  | Loading Creature Texts...
trinity-world  | >> Loaded 16775 creature texts for 3993 creatures in 297 ms
trinity-world  | Loading Creature Text Locales...
trinity-world  | Loading creature StaticFlags overrides...
trinity-world  | >> Loaded 133 creature static flag overrides in 64 ms
trinity-world  | Loading Taxi node level definitions...
trinity-world  | >> Loaded 274 taxi node level definitions in 59 ms
trinity-world  | Initializing Scripts...
trinity-world  | Loading Script Waypoints for 54 creature(s)...
trinity-world  | >> Loaded 1377 Script Waypoint nodes in 91 ms
trinity-world  | >> Loaded spline chain data for 85 chains, consisting of 272 splines with 1414 waypoints in 80 ms
trinity-world  | Loading C++ scripts
trinity-world  | Script named 'world_map_set_faction_worldstates_609' does not have a script name assigned in database.
trinity-world  | ScriptName 'npc_darkspear_jailor' exists in database, but no core script found!
trinity-world  | >> Loaded 4085 C++ scripts in 229 ms
trinity-world  | Validating spell scripts...
trinity-world  | Spell `85123` Effect `Index: EFFECT_0 Target: 7` of script `spell_siege_cannon` did not match dbc effect data - handler bound to hook `OnObjectAreaTargetSelect` of SpellScript won't be executed
trinity-world  | >> Validated 3472 scripts in 32 ms
trinity-world  | Loading SmartAI scripts...
trinity-world  | >> Loaded SmartAIMgr Helpers in 13 ms
trinity-world  | >> Loaded 13505 SmartAI scripts in 434 ms
trinity-world  | Loading Calendar data...
trinity-world  | >> Loaded 0 calendar events in 52 ms
trinity-world  | >> Loaded 0 calendar invites in 1 ms
trinity-world  | Loading Petitions...
trinity-world  | >> Loaded 0 petitions.
trinity-world  | Loading Signatures...
trinity-world  | >> Loaded 0 Petition signs!
trinity-world  | Loading Summon Properties parameter data...
trinity-world  | >> Loaded 78 summon properties parameters in 46 ms
trinity-world  | Loading Item loot...
trinity-world  | >> Loaded 0 stored item loots
trinity-world  | >> Loaded 0 stored item money
trinity-world  | Initialize query data...
trinity-world  | >> Initialized query cache data in 3146 ms
trinity-world  | Initialize commands...
trinity-world  | Initialize game time and timers
trinity-world  | Mail timer set to: 180, mail return is called every 1440 minutes
trinity-world  | Starting Map System
trinity-world  | Starting Game Event system...
trinity-world  | Initialize AuctionHouseBot...
trinity-world  | Initializing Opcodes...
trinity-world  | Starting Arena Season...
trinity-world  | Starting Battleground System
trinity-world  | >> Loaded 15 battlegrounds in 2 ms
trinity-world  | Starting Outdoor PvP System
trinity-world  | >> Loaded 5 outdoor PvP definitions in 0 ms
trinity-world  | Starting Battlefield System
trinity-world  | >> Loaded 2 battlefields in 0 ms
trinity-world  | Loading Warden Checks...
trinity-world  | Loading Warden Action Overrides...
trinity-world  | Deleting expired bans...
trinity-world  | Initializing quest reset times...
trinity-world  | Calculate random battleground reset time...
trinity-world  | Calculate guild limitation(s) reset time...
trinity-world  | Calculate next currency reset time...
trinity-world  | World initialized in 1 minutes 1 seconds
trinity-world  | TC>[?2004hTC>TrinityCore rev. d41335628098+ 2026-04-13 08:22:43 +0200 (acore-compat branch) (Unix, RelWithDebInfo, Static) (worldserver-daemon) ready...
                                                                                                                                                                                                                                                                                                                                                                                                                                                                                                                                                                                                                                                                                                                                                                                                                                                                                                                                                                                                                                                                                                                                                                                                                                                                                                                                                                                                                                                                                                                                                                                                                                                                                                                                                                                                                                                                                                                                                                                                                                                                                                                                                                                                                                                                                                                                                                                                                                                                                                                                                                                                                                                                                                                                                                                                                                                                                                                                                                                                                                                                                                                                                                                                                                                                                                                                                                                                                                                                                                                                                                                                                                                                                                                                                                                                                                                                                                                                                                                                                                                                                                                                                                                                                                                                                                                                                                                                                                                                                                                                                                                                                                                                                                                                                                                                                                                                                                                                                                                                                                                                                                                                                                                                                                                                                                                                                                                                                                                                                                                                                                                                                                                                                                                                                                                                                                                                                                                                                                                                                                                                                                                                                                                                                                                                                                                                                                                                                                                                                                                                                                                                                                                                                                                                                                                                                                                                                                                                                                                                                                                                                                                                                                                                                                                                                                                                                                                                                                                                                                                                                                                                                                                                                                                                                                                                                                                                                                                                                                                                                                                                                                                                                                                                                                                                                                                                                                                                                                                                                                                                                                                                                                                                                                                                                                                                                                                                                                                                                                                                                                                                                                                                                                                                                                                                                                                                                                                                                                                                                                                                                                                                                                                                                                                                                                                                                                                                                                                                                                                                                                                                                                                                                                                                                                                                                                                                                                                                                                                                                                                                                                                                                                                                                                                                                                                                                                                                                                                                                                                                                                                                                                                                                                                                                                                                                                                                                                                                                                                                                                                                                                                                                                                                                                                                                                                                                                                                                                                                                                                                                                                                                                                                                                                                                                                                                                                                                                                                                                                                                                                                                                                                                                                                                                                                                                                                                                                                                                                                                                                                                                                                                                                                                                                                                                                                                                                                                                                                                                                                                                                                                                                                                                                                                                                                                                                                                                                                                                                                                                                                                                                                                                                                                                                                                                                                                                                                                                                                                                                                                                                                                                                                                                                                                                                                                                                                                                                                                                                                                                                                                                                                                                                                                                                                                                                                                                                                                                                                                                                                                                                                                                                                                                                                                                                                                                                                                                                                                                                                                                                                                                                                                                                                                                                                                                                                                                                                                                                                                                                                                                                                                                                                                                                                                                                                                                                                                                                                                                                                                                                                                                                                                                                                                                                                                                                                                                                                                                                                                                                                                                                                                                                                                                                                                                                                                                                                                                                                                                                                                                                                                                                                                                                                                                                                                                                                                                                                                                                                                                                                                                                                                                                                                                                                                                                                                                                                                                                                                                                                                                                                                                                                                                                                                                                                                                                                                                                                                                                                                                                                                                                                                                                                                                                                                                                                                                                                                                                                                                                                                                                                                                                                                                                                                                                                                                                                                                                                                                                                                                                                                                                                                                                                                                                                                                                                                                                                                                                                                                                                                                                                                                                                                                                                                                                                                                                                                                                                                                                                                                                                                                                                                                                                                                                                                                                                                                                                                                                                                                                                                                                                                                                                                                                                                                                                                                                                                                                                                                                                                                                                                                                                                                                                                                                                                                                                                                                                                                                                                                                                                                                                                                                                                                                                                                                                                                                                                                                                                                                                                                                                                                                                                                                                                                                                                                                                                                                                                                                                                                                                                                                                                                                                                                                                                                                                                                                                                                                                                                                                                                                                                                                                                                                                                                                                                                                                                                                                                                                                                                                                                                                                                                                                                                                                                                                                                                                                                                                                                                                                                                                                                                                                                                                                                                                                                                                                                                                                                                                                                                                                                                                                                                                                                                                                                                                                                                                                                                                                                                                                                                                                                                                                                                                                                                                                                                                                                                                                                                                                                                                                                                                                                                                                                                                                                                                                                                                                                                                                                                                                                                                                                                                                                                                                                                                                                                                                                                                                                                                                                                                                                                                                                                                                                                                                                                                                                                                                                                                                                                                                                                                                                                                                                                                                                                                                                                                                                                                                                                                                                                                                                                                                                                                                                                                                                                                                                                                                                                                                                                                                                                                                                                                                                                                                                                                                                                                                                                                                                                                                                                                                                                                                                                                                                                                                                                                                                                                                                                                                                                                                                                                                                                                                                                                                                                                                                                                                                                                                                                                                                                                                                                                                                                                                                                                                                                                                                                                                                                                                                                                                                                                                                                                                                                                                                                                                                                                                                                                                                                                                                                                                                                                                                                                                                                                                                                                                                                                                                                                                                                                                                                                                                                                                                                                                                                                                                                                                                                                                                                                                                                                                                                                                                                                                                                                                                                                                                                                                                                                                                                                                                                                                                                                                                                                                                                                                                                                                                                                                                                                                                                                                                                                                                                                                                                                                                                                                                                                                                                                                                                                                                                                                                                                                                                                                                                                                                                                                                                                                                                                                                                                                                                                                                                                                                                                                                                                                                                                                                                                                                                                                                                                                                                                                                                                                                                                                                                                                                                                                                                                                                                                                                                                                                                                                                                                                                                                                                                                                                                                                                                                                                                                                                                                                                                                                                                                                                                                                                                                                                                                                                                                                                                                                                                                                                                                                                                                                                                                                                                                                                                                                                                                                                                                                                                                                                                                                                                                                                                                                                                                                                                                                                                                                                                                                                                                                                                                                                                                                                                                                                                                                                                                                                                                                                                                                                                                                                                                                                                                                                                                                                                                                                                                                                                                                                                                                                                                                                                                                                                                                                                                                                                                                                                                                                                                                                                                                                                                                                                                                                                                                                                                                                                                                                                                                                                                                                                                                                                                                                                                                                                                                                                                                                                                                                                                                                                                                                                                                                                                                                                                                                                                                                                                                                                                                                                                                                                                                                                                                                                                                                                                                                                                                                                                                                                                                                                                                                                                                                                                                                                                                                                                                                                                                                                                                                                                                                                                                                                                                                                                                                                                                                                                                                                                                                                                                                                                                                                                                                                                                                                                                                                                                                                                                                                                                                                                                                                                                                                                                                                                                                                                                                                                                                                                                                                                                                                                                                                                                                                                                                                                                                                                                                                                                                                                                                                                                                                                                                                                                                                                                                                                                                                                                                                                                                                                                                                                                                                                                                                                                                                                                                                                                                                                                                                                                                                                                                                                                                                                                                                                                                                                                                                                                                                                                                                                                                                                                                                                                                                                                                                                                                                                                                                                                                                                                                                                                                                                                                                                                                                                                                                                                                                                                                                                                                                                                                                                                                                                                                                                                                                                                                                                                                                                                                                                                                                                                                                                                                                                                                                                                                                                                                                                                                                                                                                                                                                                                                                                                                                                                                                                                                                                                                                                                                                                                                                                                                                                                                                                                                                                                                                                                                                                                                                                                                                                                                                                                                                                                                                                                                                                                                                                                                                                                                                                                                                                                                                                                                                                                                                                                                                                                                                                                                                                                                                                                                                                                                                                                                                                                                                                                                                                                                                                                                                                                                                                                                                                                                                                                                                                                                                                                                                                                                                                                                                                                                                                                                                                                                                                                                                                                                                                                                                                                                                                                                                                                                                                                                                                                                                                                                                                                                                                                                                                                                                                                                                                                                                                                                                                                                                                                                                                                                                                                                                                                                                                                                                                                                                                                                                                                                                                                                                                                                                                                                                                                                                                                                                                                                                                                                                                                                                                                                                                                                                                                                                                                                                                                                                                                                                                                                                                                                                                                                                                                                                                                                                                                                                                                                                                                                                                                                                                                                                                                                                                                                                                                                                                                                                                                                                                                                                                                                                                                                                                                                                                                                                                                                                                                                                                                                                                                                                                                                                                                                                                                                                                                                                                                                                                                                                                                                                                                                                                                                                                                                                                                                                                                                                                                                                                                                                                                                                                                                                                                                                                                                                                                                                                                                                                                                                                                                                                                                                                                                                                                                                                                                                                                                                                                                                                                                                                                                                                                                                                                                                                                                                                                                                                                                                                                                                                                                                                                                                                                                                                                                                                                                                                                                                                                                                                                                                                                                                                                                                                                                                                                                                                                                                                                                                                                                                                                                                                                                                                                                                                                                                                                                                                                                                                                                                                                                                                                                                                                                                                                                                                                                                                                                                                                                                                                                                                                                                                                                                                                                                                                                                                                                                                                                                                                                                                                                                                                                                                                                                                                                                                                                                                                                                                                                                                                                                                                                                                                                                                                                                                                                                                                                                                                                                                                                                                                                                                                                                                                                                                                                                                                                                                                                                                                                                                                                                                                                                                                                                                                                                                                                                                                                                                                                                                                                                                                                                                                                                                                                                                                                                                                                                                                                                                                                                                                                                                                                                                                                                                                                                                                                                                                                                                                                                                                                                                                                                                                                                                                                                                                                                                                                                                                                                                                                                                                                                                                                                                                                                                                                                                                                                                                                                                                                                                                                                                                                                                                                                                                                                                                                                                                                                                                                                                                                                                                                                                                                                                                                                                                                                                                                                                                                                                                                                                                                                                                                                                                                                                                                                                                                                                                                                                                                                                                                                                                                                                                                                                                                                                                                                                                                                                                                                                                                                                                                                                                                                                                                                                                                                                                                                                                                                                                                                                                                                                                                                                                                                                                                                                                                                                                                                                                                                                                                                                                                                                                                                                                                                                                                                                                                                                                                                                                                                                                                                                                                                                                                                                                                                                                                                                                                                                                                                                                                                                                                                                                                                                                                                                                                                                                                                                                                                                                                                                                                                                                                                                                                                                                                                                                                                                                                                                                                                                                                                                                                                                                                                                                                                                                                                                                                                                                                                                                                                                                                                                                                                                                                                                                                                                                                                                                                                                                                                                                                                                                                                                                                                                                                                                                                                                                                                                                                                                                                                                                                                                                                                                                                                                                                                                                                                                                                                                                                                                                                                                                                                                                                                                                                                                                                                                                                                                                                                                                                                                                                                                                                                                                                                                                                                                                                                                                                                                                                                                                                                                                                                                                                                                                                                                                                                                                                                                                                                                                                                                                                                                                                                                                                                                                                                                                                                                                                                                                                                                                                                                                                                                                                                                                                                                                                                                                                                                                                                                                                                                                                                                                                                                                                                                                                                                                                                                                                                                                                                                                                                                                                                                                                                                                                                                                                                                                                                                                                                                                                                                                                                                                                                                                                                                                                                                                                                                                                                                                                                                                                                                                                                                                                                                                                                                                                                                                                                                                                                                                                                                                                                                                                                                                                                                                                                                                                                                                                                                                                                                                                                                                                                                                                                                                                                                                                                                                                                                                                                                                                                                                                                                                                                                                                                                                                                                                                                                                                                                                                                                                                                                                                                                                                                                                                                                                                                                                                                                                                                                                                                                                                                                                                                                                                                                                                                                                                                                                                                                                                                                                                                                                                                                                                                                                                                                                                                                                                                                                                                                                                                                                                                                                                                                                                                                                                                                                                                                                                                                                                                                                                                                                                                                                                                                                                                                                                                                                                                                                                                                                                                                                                                                                                                                                                                                                                                                                                                                                                                                                                                                                                                                                                                                                                                                                                                                                                                                                                                                                                                                                                                                                                                                                                                                                                                                                                                                                                                                                                                                                                                                                                                                                                                                                                                                                                                                                                                                                                                                                                                                                                                                                                                                                                                                                                                                                                                                                                                                                                                                                                                                                                                                                                                                                                                                                                                                                                                                                                                                                                                                                                                                                                                                                                                                                                                                                                                                                                                                                                                                                                                                                                                                                                                                                                                                                                                                                                                                                                                                                                                                                                                                                                                                                                                                                                                                                                                                                                                                                                                                                                                                                                                                                                                                                                                                                                                                                                                                                                                                                                                                                                                                                                                                                                                                                                                                                                                                                                                                                                                                                                                                                                                                                                                                                                                                                                                                                                                                                                                                                                                                                                                                                                                                                                                                                                                                                                                                                                                                                                                                                                                                                                                                                                                                                                                                                                                                                                                                                                                                                                                                                                                                                                                                                                                                                                                                                                                                                                                                                                                                                                                                                                                                                                                                                                                                                                                                                                                                                                                                                                                                                                                                                                                                                                                                                                                                                                                                                                                                                                                                                                                                                                                                                                                                                                                                                                                                                                                                                                                                                                                                                                                                                                                                                                                                                                                                                                                                                                                                                                                                                                                                                                                                                                                                                                                                                                                                                                                                                                                                                                                                                                                                                                                                                                                                                                                                                                                                                                                                                                                                                                                                                                                                                                                                                                                                                                                                                                                                                                                                                                                                                                                                                                                                                                                                                                                                                                                                                                                                                                                                                                                                                                                                                                                                                                                                                                                                                                                                                                                                                                                                                                                                                                                                                                                                                                                                                                                                                                                                                                                                                                                                                                                                                                                                                                                                                                                                                                                                                                                                                                                                                                                                                                                                                                                                                                                                                                                                                                                                                                                                                                                                                                                                                                                                                                                                                                                                                                                                                                                                                                                                                                                                                                                                                                                                                                                                                                                                                                                                                                                                                                                                                                                                                                                                                                                                                                                                                                                                                                                                                                                                                                                                                                                                                                                                                                                                                                                                                                                                                                                                                                                                                                                                                                                                                                                                                                                                                                                                                                                                                                                                                                                                                                                                                                                                                                                                                                                                                                                                                                                                                                                                                                                                                                                                                                                                                                                                                                                                                                                                                                                                                                                                                                                                                                                                                                                                                                                                                                                                                                                                                                                                                                                                                                                                                                                                                                                                                                                                                                                                                                                                                                                                                                                                                                                                                                                                                                                                                                                                                                                                                                                                                                                                                                                                                                                                                                                                                                                                                                                                                                                                                                                                                                                                                                                                                                                                                                                                                                                                                                                                                                                                                                                                                                                                                                                                                                                                                                                                                                                                                                                                                                                                                                                                                                                                                                                                                                                                                                                                                                                                                                                                                                                                                                                                                                                                                                                                                                                                                                                                                                                                                                                                                                                                                                                                                                                                                                                                                                                                                                                                                                                                                                                                                                                                                                                                                                                                                                                                                                                                                                                                                                                                                                                                                                                                                                                                                                                                                                                                                                                                                                                                                                                                                                                                                                                                                                                                                                                                                                                                                                                                                                                                                                                                                                                                                                                                                                                                                                                                                                                                                                                                                                                                                                                                                                                                                                                                                                                                                                                                                                                                                                                                                                                                                                                                                                                                                                                                                                                                                                                                                                                                                                                                                                                                                                                                                                                                                                                                                                                                                                                                                                                                                                                                                                                                                                                                                                                                                                                                                                                                                                                                                                                                                                                                                                                                                                                                                                                                                                                                                                                                                                                                                                                                                                                                                                                                                                                                                                                                                                                                                                                                                                                                                                                                                                                                                                                                                                                                                                                                                                                                                                                                                                                                                                                                                                                                                                                                                                                                                                                                                                                                                                                                                                                                                                                                                                                                                                                                                                                                                                                                                                                                                                                                                                                                                                                                                                                                                                                                                                                                                                                                                                                                                                                                                                                                                                                                                                                                                                                                                                                                                                                                                                                                                                                                                                                                                                                                                                                                                                                                                                                                                                                                                                                                                                                                                                                                                                                                                                                                                                                                                                                                                                                                                                                                                                                                                                                                                                                                                                                                                                                                                                                                                                                                                                                                                                                                                                                                                                                                                                                                                                                                                                                                                                                                                                                                                                                                                                                                                                                                                                                                                                                                                                                                                                                                                                                                                                                                                                                                                                                                                                                                                                                                                                                                                                                                                                                                                                                                                                                                                                                                                                                                                                                                                                                                                                                                                                                                                                                                                                                                                                                                                                                                                                                                                                                                                                                                                                                                                                                                                                                                                                                                                                                                                                                                                                                                                                                                                                                                                                                                                                                                                                                                                                                                                                                                                                                                                                                                                                                                                                                                                                                                                                                                                                                                                                                                                                                                                                                                                                                                                                                                                                                                                                                                                                                                                                                                                                                                                                                                                                                                                                                                                                                                                                                                                                                                                                                                                                                                                                                                                                                                                                                                                                                                                                                                                                                                                                                                                                                                                                                                                                                                                                                                                                                                                                                                                                                                                                                                                                                                                                                                                                                                                                                                                                                                                                                                                                                                                                                                                                                                                                                                                                                                                                                                                                                                                                                                                                                                                                                                                                                                                                                                                                                                                                                                                                                                                                                                                                                                                                                                                                                                                                                                                                                                                                                                                                                                                                                                                                                                                                                                                                                                                                                                                                                                                                                                                                                                                                                                                                                                                                                                                                                                                                                                                                                                                                                                                                                                                                                                                                                                                                                                                                                                                                                                                                                                                                                                                                                                                                                                                                                                                                                                                                                                                                                                                                                                                                                                                                                                                                                                                                                                                                                                                                                                                                                                                                                                                                                                                                                                                                                                                                                                                                                                                                                                                                                                                                                                                                                                                                                                                                                                                                                                                                                                                                                                                                                                                                                                                                                                                                                                                                                                                                                                                                                                                                                                                                                                                                                                                                                                                                                                                                                                                                                                                                                                                                                                                                                                                                                                                                                                                                                                                                                                                                                                                                                                                                                                                                                                                                                                                                                                                                                                                                                                                                                                                                                                                                                                                                                                                                                                                                                                                                                                                                                                                                                                                                                                                                                                                                                                                                                                                                                                                                                                                                                                                                                                                                                                                                                                                                                                                                                                                                                                                                                                                                                                                                                                                                                                                                                                                                                                                                                                                                                                                                                                                                                                                                                                                                                                                                                                                                                                                                                                                                                                                                                                                                                                                                                                                                                                                                                                                                                                                                                                                                                                                                                                                                                                                                                                                                                                                                                                                                                                                                                                                                                                                                                                                                                                                                                                                                                                                                                                                                                                                                                                                                                                                                                                                                                                                                                                                                                                                                                                                                                                                                                                                                                                                                                                                                                                                                                                                                                                                                                                                                                                                                                                                                                                                                                                                                                                                                                                                                                                                                                                                                                                                                                                                                                                                                                                                                                                                                                                                                                                                                                                                                                                                                                                                                                                                                                                                                                                                                                                                                                                                                                                                                                                                                                                                                                                                                                                                                                                                                                                                                                                                                                                                                                                                                                                                                                                                                                                                                                                                                                                                                                                                                                                                                                                                                                                                                                                                                                                                                                                                                                                                                                                                                                                                                                                                                                                                                                                                                                                                                                                                                                                                                                                                                                                                                                                                                                                                                                                                                                                                                                                                                                                                                                                                                                                                                                                                                                                                                                                                                                                                                                                                                                                                                                                                                                                                                                                                                                                                                                                                                                                                                                                                                                                                                                                                                                                                                                                                                                                                                                                                                                                                                                                                                                                                                                                                                                                                                                                                                                                                                                                                                                                                                                                                                                                                                                                                                                                                                                                                                                                                                                                                                                                                                                                                                                                                                                                                                                                                                                                                                                                                                                                                                                                                                                                                                                                                                                                                                                                                                                                                                                                                                                                                                                                                                                                                                                                                                                                                                                                                                                                                                                                                                                                                                                                                                                                                                                                                                                                                                                                                                                                                                                                                                                                                                                                                                                                                                                                                                                                                                                                                                                                                                                                                                                                                                                                                                                                                                                                                                                                                                                                                                                                                                                                                                                                                                                                                                                                                                                                                                                                                                                                                                                                                                                                                                                                                                                                                                                                                                                                                                                                                                                                                                                                                                                                                                                                                                                                                                                                                                                                                                                                                                                                                                                                                                                                                                                                                                                                                                                                                                                                                                                                                                                                                                                                                                                                                                                                                                                                                                                                                                                                                                                                                                                                                                                                                                                                                                                                                                                                                                                                                                                                                                                                                                                                                                                                                                                                                                                                                                                                                                                                                                                                                                                                                                                                                                                                                                                                                                                                                                                                                                                                                                                                                                                                                                                                                                                                                                                                                                                                                                                                                                                                                                                                                                                                                                                                                                                                                                                                                                                                                                                                                                                                                                                                                                                                                                                                                                                                                                                                                                                                                                                                                                                                                                                                                                                                                                                                                                                                                                                                                                                                                                                                                                                                                                                                                                                                                                                                                                                                                                                                                                                                                                                                                                                                                                                                                                                                                                                                                                                                                                                                                                                                                                                                                                                                                                                                                                                                                                                                                                                                                                                                                                                                                                                                                                                                                                                                                                                                                                                                                                                                                                                                                                                                                                                                                                                                                                                                                                                                                                                                                                                                                                                                                                                                                                                                                                                                                                                                                                                                                                                                                                                                                                                                                                                                                                                                                                                                                                                                                                                                                                                                                                                                                                                                                                                                                                                                                                                                                                                                                                                                                                                                                                                                                                                                                                                                                                                                                                                                                                                                                                                                                                                                                                                                                                                                                                                                                                                                                                                                                                                                                                                                                                                                                                                                                                                                                                                                                                                                                                                                                                                                                                                                                                                                                                                                                                                                                                                                                                                                                                                                                                                                                                                                                                                                                                                                                                                                                                                                                                                                                                                                                                                                                                                                                                                                                                                                                                                                                                                                                                                                                                                                                                                                                                                                                                                                                                                                                                                                                                                                                                                                                                                                                                                                                                                                                                                                                                                                                                                                                                                                                                                                                                                                                                                                                                                                                                                                                                                                                                                                                                                                                                                                                                                                                                                                                                                                                                                                                                                                                                                                                                                                                                                                                                                                                                                                                                                                                                                                                                                                                                                                                                                                                                                                                                                                                                                                                                                                                                                                                                                                                                                                                                                                                                                                                                                                                                                                                                                                                                                                                                                                                                                                                                                                                                                                                                                                                                                                                                                                                                                                                                                                                                                                                                                                                                                                                                                                                                                                                                                                                                                                                                                                                                                                                                                                                                                                                                                                                                                                                                                                                                                                                                                                                                                                                                                                                                                                                                                                                                                                                                                                                                                                                                                                                                                                                                                                                                                                                                                                                                                                                                                                                                                                                                                                                                                                                                                                                                                                                                                                                                                                                                                                                                                                                                                                                                                                                                                                                                                                                                                                                                                                                                                                                                                                                                                                                                                                                                                                                                                                                                                                                                                                                                                                                                                                                                                                                                                                                                                                                                                                                                                                                                                                                                                                                                                                                                                                                                                                                                                                                                                                                                                                                                                                                                                                                                                                                                                                                                                                                                                                                                                                                                                                                                                                                                                                                                                                                                                                                                                                                                                                                                                                                                                                                                                                                                                                                                                                                                                                                                                                                                                                                                                                                                                                                                                                                                                                                                                                                                                                                                                                                                                                                                                                                                                                                                                                                                                                                                                                                                                                                                                                                                                                                                                                                                                                                                                                                                                                                                                                                                                                                                                                                                                                                                                                                                                                                                                                                                                                                                                                                                                                                                                                                                                                                                                                                                                                                                                                                                                                                                                                                                                                                                                                                                                                                                                                                                                                                                                                                                                                                                                                                                                                                                                                                                                                                                                                                                                                                                                                                                                                                                                                                                                                                                                                                                                                                                                                                                                                                                                                                                                                                                                                                                                                                                                                                                                                                                                                                                                                                                                                                                                                                                                                                                                                                                                                                                                                                                                                                                                                                                                                                                                                                                                                                                                                                                                                                                                                                                                                                                                                                                                                                                                                                                                                                                                                                                                                                                                                                                                                                                                                                                                                                                                                                                                                                                                                                                                                                                                                                                                                                                                                                                                                                                                                                                                                                                                                                                                                                                                                                                                                                                                                                                                                                                                                                                                                                                                                                                                                                                                                                                                                                                                                                                                                                                                                                                                                                                                                                                                                                                                                                                                                                                                                                                                                                                                                                                                                                                                                                                                                                                                                                                                                                                                                                                                                                                                                                                                                                                                                                                                                                                                                                                                                                                                                                                                                                                                                                                                                                                                                                                                                                                                                                                                                                                                                                                                                                                                                                                                                                                                                                                                                                                                                                                                                                                                                                                                                                                                                                                                                                                                                                                                                                                                                                                                                                                                                                                                                                                                                                                                                                                                                                                                                                                                                                                                                                                                                                                                                                                                                                                                                                                                                                                                                                                                                                                                                                                                                                                                                                                                                                                                                                                                                                                                                                                                                                                                                                                                                                                                                                                                                                                                                                                                                                                                                                                                                                                                                                                                                                                                                                                                                                                                                                                                                                                                                                                                                                                                                                                                                                                                                                                                                                                                                                                                                                                                                                                                                                                                                                                                                                                                                                                                                                                                                                                                                                                                                                                                                                                                                                                                                                                                                                                                                                                                                                                                                                                                                                                                                                                                                                                                                                                                                                                                                                                                                                                                                                                                                                                                                                                                                                                                                                                                                                                                                                                                                                                                                                                                                                                                                                                                                                                                                                                                                                                                                                                                                                                                                                                                                                                                                                                                                                                                                                                                                                                                                                                                                                                                                                                                                                                                                                                                                                                                                                                                                                                                                                                                                                                                                                                                                                                                                                                                                                                                                                                                                                                                                                                                                                                                                                                                                                                                                                                                                                                                                                                                                                                                                                                                                                                                                                                                                                                                                                                                                                                                                                                                                                                                                                                                                                                                                                                                                                                                                                                                                                                                                                                                                                                                                                                                                                                                                                                                                                                                                                                                                                                                                                                                                                                                                                                                                                                                                                                                                                                                                                                                                                                                                                                                                                                                                                                                                                                                                                                                                                                                                                                                                                                                                                                                                                                                                                                                                                                                                                                                                                                                                                                                                                                                                                                                                                                                                                                                                                                                                                                                                                                                                                                                                                                                                                                                                                                                                                                                                                                                                                                                                                                                                                                                                                                                                                                                                                                                                                                                                                                                                                                                                                                                                                                                                                                                                                                                                                                                                                                                                                                                                                                                                                                                                                                                                                                                                                                                                                                                                                                                                                                                                                                                                                                                                                                                                                                                                                                                                                                                                                                                                                                                                                                                                                                                                                                                                                                                                                                                                                                                                                                                                                                                                                                                                                                                                                                                                                                                                                                                                                                                                                                                                                                                                                                                                                                                                                                                                                                                                                                                                                                                                                                                                                                                                                                                                                                                                                                                                                                                                                                                                                                                                                                                                                                                                                                                                                                                                                                                                                                                                                                                                                                                                                                                                                                                                                                                                                                                                                                                                                                                                                                                                                                                                                                                                                                                                                                                                                                                                                                                                                                                                                                                                                                                                                                                                                                                                                                                                                                                                                                                                                                                                                                                                                                                                                                                                                                                                                                                                                                                                                                                                                                                                                                                                                                                                                                                                                                                                                                                                                                                                                                                                                                                                                                                                                                                                                                                                                                                                                                                                                                                                                                                                                                                                                                                                                                                                                                                                                                                                                                                                                                                                                                                                                                                                                                                                                                                                                                                                                                                                                                                                                                                                                                                                                                                                                                                                                                                                                                                                                                                                                                                                                                                                                                                                                                                                                                                                                                                                                                                                                                                                                                                                                                                                                                                                                                                                                                                                                                                                                                                                                                                                                                                                                                                                                                                                                                                                                                                                                                                                                                                                                                                                                                                                                                                                                                                                                                                                                                                                                                                                                                                                                                                                                                                                                                                                                                                                                                                                                                                                                                                                                                                                                                                                                                                                                                                                                                                                                                                                                                                                                                                                                                                                                                                                                                                                                                                                                                                                                                                                                                                                                                                                                                                                                                                                                                                                                                                                                                                                                                                                                                                                                                                                                                                                                                                                                                                                                                                                                                                                                                                                                                                                                                                                                                                                                                                                                                                                                                                                                                                                                                                                                                                                                                                                                                                                                                                                                                                                                                                                                                                                                                                                                                                                                                                                                                                                                                                                                                                                                                                                                                                                                                                                                                                                                                                                                                                                                                                                                                                                                                                                                                                                                                                                                                                                                                                                                                                                                                                                                                                                                                                                                                                                                                                                                                                                                                                                                                                                                                                                                                                                                                                                                                                                                                                                                                                                                                                                                                                                                                                                                                                                                                                                                                                                                                                                                                                                                                                                                                                                                                                                                                                                                                                                                                                                                                                                                                                                                                                                                                                                                                                                                                                                                                                                                                                                                                                                                                                                                                                                                                                                                                                                                                                                                                                                                                                                                                                                                                                                                                                                                                                                                                                                                                                                                                                                                                                                                                                                                                                                                                                                                                                                                                                                                                                                                                                                                                                                                                                                                                                                                                                                                                                                                                                                                                                                                                                                                                                                                                                                                                                                                                                                                                                                                                                                                                                                                                                                                                                                                                                                                                                                                                                                                                                                                                                                                                                                                                                                                                                                                                                                                                                                                                                                                                                                                                                                                                                                                                                                                                                                                                                                                                                                                                                                                                                                                                                                                                                                                                                                                                                                                                                                                                                                                                                                                                                                                                                                                                                                                                                                                                                                                                                                                                                                                                                                                                                                                                                                                                                                                                                                                                                                                                                                                                                                                                                                                                                                                                                                                                                                                                                                                                                                                                                                                                                                                                                                                                                                                                                                                                                                                                                                                                                                                                                                                                                                                                                                                                                                                                                                                                                                                                                                                                                                                                                                                                                                                                                                                                                                                                                                                                                                                                                                                                                                                                                                                                                                                                                                                                                                                                                                                                                                                                                                                                                                                                                                                                                                                                                                                                                                                                                                                                                                                                                                                                                                                                                                                                                                                                                                                                                                                                                                                                                                                                                                                                                                                                                                                                                                                                                                                                                                                                                                                                                                                                                                                                                                                                                                                                                                                                                                                                                                                                                                                                                                                                                                                                                                                                                                                                                                                                                                                                                                                                                                                                                                                                                                                                                                                                                                                                                                                                                                                                                                                                                                                                                                                                                                                                                                                                                                                                                                                                                                                                                                                                                                                                                                                                                                                                                                                                                                                                                                                                                                                                                                                                                                                                                                                                                                                                                                                                                                                                                                                                                                                                                                                                                                                                                                                                                                                                                                                                                                                                                                                                                                                                                                                                                                                                                                                                                                                                                                                                                                                                                                                                                                                                                                                                                                                                                                                                                                                                                                                                                                                                                                                                                                                                                                                                                                                                                                                                                                                                                                                                                                                                                                                                                                                                                                                                                                                                                                                                                                                                                                                                                                                                                                                                                                                                                                                                                                                                                                                                                                                                                                                                                                                                                                                                                                                                                                                                                                                                                                                                                                                                                                                                                                                                                                                                                                                                                                                                                                                                                                                                                                                                                                                                                                                                                                                                                                                                                                                                                                                                                                                                                                                                                                                                                                                                                                                                                                                                                                                                                                                                                                                                                                                                                                                                                                                                                                                                                                                                                                                                                                                                                                                                                                                                                                                                                                                                                                                                                                                                                                                                                                                                                                                                                                                                                                                                                                                                                                                                                                                                                                                                                                                                                                                                                                                                                                                                                                                                                                                                                                                                                                                                                                                                                                                                                                                                                                                                                                                                                                                                                                                                                                                                                                                                                                                                                                                                                                                                                                                                                                                                                                                                                                                                                                                                                                                                                                                                                                                                                                                                                                                                                                                                                                                                                                                                                                                                                                                                                                                                                                                                                                                                                                                                                                                                                                                                                                                                                                                                                                                                                                                                                                                                                                                                                                                                                                                                                                                                                                                                                                                                                                                                                                                                                                                                                                                                                                                                                                                                                                                                                                                                                                                                                                                                                                                                                                                                                                                                                                                                                                                                                                                                                                                                                                                                                                                                                                                                                                                                                                                                                                                                                                                                                                                                                                                                                                                                                                                                                                                                                                                                                                                                                                                                                                                                                                                                                                                                                                                                                                                                                                                                                                                                                                                                                                                                                                                                                                                                                                                                                                                                                                                                                                                                                                                                                                                                                                                                                                                                                                                                                                                                                                                                                                                                                                                                                                                                                                                                                                                                                                                                                                                                                                                                                                                                                                                                                                                                                                                                                                                                                                                                                                                                                                                                                                                                                                                                                                                                                                                                                                                                                                                                                                                                                                                                                                                                                                                                                                                                                                                                                                                                                                                                                                                                                                                                                                                                                                                                                                                                                                                                                                                                                                                                                                                                                                                                                                                                                                                                                                                                                                                                                                                                                                                                                                                                                                                                                                                                                                                                                                                                                                                                                                                                                                                                                                                                                                                                                                                                                                                                                                                                                                                                                                                                                                                                                                                                                                                                                                                                                                                                                                                                                                                                                                                                                                                                                                                                                                                                                                                                                                                                                                                                                                                                                                                                                                                                                                                                                                                                                                                                                                                                                                                                                                                                                                                                                                                                                                                                                                                                                                                                                                                                                                                                                                                                                                                                                                                                                                                                                                                                                                                                                                                                                                                                                                                                                                                                                                                                                                                                                                                                                                                                                                                                                                                                                                                                                                                                                                                                                                                                                                                                                                                                                                                                                                                                                                                                                                                                                                                                                                                                                                                                                                                                                                                                                                                                                                                                                                                                                                                                                                                                                                                                                                                                                                                                                                                                                                                                                                                                                                                                                                                                                                                                                                                                                                                                                                                                                                                                                                                                                                                                                                                                                                                                                                                                                                                                                                                                                                                                                                                                                                                                                                                                                                                                                                                                                                                                                                                                                                                                                                                                                                                                                                                                                                                                                                                                                                                                                                                                                                                                                                                                                                                                                                                                                                                                                                                                                                                                                                                                                                                                                                                                                                                                                                                                                                                                                                                                                                                                                                                                                                                                                                                                                                                                                                                                                                                                                                                                                                                                                                                                                                                                                                                                                                                                                                                                                                                                                                                                                                                                                                                                                                                                                                                                                                                                                                                                                                                                                                                                                                                                                                                                                                                                                                                                                                                                                                                                                                                                                                                                                                                                                                                                                                                                                                                                                                                                                                                                                                                                                                                                                                                                                                                                                                                                                                                                                                                                                                                                                                                                                                                                                                                                                                                                                                                                                                                                                                                                                                                                                                                                                                                                                                                                                                                                                                                                                                                                                                                                                                                                                                                                                                                                                                                                                                                                                                                                                                                                                                                                                                                                                                                                                                                                                                                                                                                                                                                                                                                                                                                                                                                                                                                                                                                                                                                                                                                                                                                                                                                                                                                                                                                                                                                                                                                                                                                                                                                                                                                                                                                                                                                                                                                                                                                                                                                                                                                                                                                                                                                                                                                                                                                                                                                                                                                                                                                                                                                                                                                                                                                                                                                                                                                                                                                                                                                                                                                                                                                                                                                                                                                                                                                                                                                                                                                                                                                                                                                                                                                                                                                                                                                                                                                                                                                                                                                                                                                                                                                                                                                                                                                                                                                                                                                                                                                                                                                                                                                                                                                                                                                                                                                                                                                                                                                                                                                                                                                                                                                                                                                                                                                                                                                                                                                                                                                                                                                                                                                                                                                                                                                                                                                                                                                                                                                                                                                                                                                                                                                                                                                                                                                                                                                                                                                                                                                                                                                                                                                                                                                                                                                                                                                                                                                                                                                                                                                                                                                                                                                                                                                                                                                                                                                                                                                                                                                                                                                                                                                                                                                                                                                                                                                                                                                                                                                                                                                                                                                                                                                                                                                                                                                                                                                                                                                                                                                                                                                                                                                                                                                                                                                                                                                                                                                                                                                                                                                                                                                                                                                                                                                                                                                                                                                                                                                                                                                                                                                                                                                                                                                                                                                                                                                                                                                                                                                                                                                                                                                                                                                                                                                                                                                                                                                                                                                                                                                                                                                                                                                                                                                                                                                                                                                                                                                                                                                                                                                                                                                                                                                                                                                                                                                                                                                                                                                                                                                                                                                                                                                                                                                                                                                                                                                                                                                                                                                                                                                                                                                                                                                                                                                                                                                                                                                                                                                                                                                                                                                                                                                                                                                                                                                                                                                                                                                                                                                                                                                                                                                                                                                                                                                                                                                                                                                                                                                                                                                                                                                                                                                                                                                                                                                                                                                                                                                                                                                                                                                                                                                                                                                                                                                                                                                                                                                                                                                                                                                                                                                                                                                                                                                                                                                                                                                                                                                                                                                                                                                                                                                                                                                                                                                                                                                                                                                                                                                                                                                                                                                                                                                                                                                                                                                                                                                                                                                                                                                                                                                                                                                                                                                                                                                                                                                                                                                                                                                                                                                                                                                                                                                                                                                                                                                                                                                                                                                                                                                                                                                                                                                                                                                                                                                                                                                                                                                                                                                                                                                                                                                                                                                                                                                                                                                                                                                                                                                                                                                                                                                                                                                                                                                                                                                                                                                                                                                                                                                                                                                                                                                                                                                                                                                                                                                                                                                                                                                                                                                                                                                                                                                                                                                                                                                                                                                                                                                                                                                                                                                                                                                                                                                                                                                                                                                                                                                                                                                                                                                                                                                                                                                                                                                                                                                                                                                                                                                                                                                                                                                                                                                                                                                                                                                                                                                                                                                                                                                                                                                                                                                                                                                                                                                                                                                                                                                                                                                                                                                                                                                                                                                                                                                                                                                                                                                                                                                                                                                                                                                                                                                                                                                                                                                                                                                                                                                                                                                                                                                                                                                                                                                                                                                                                                                                                                                                                                                                                                                                                                                                                                                                                                                                                                                                                                                                                                                                                                                                                                                                                                                                                                                                                                                                                                                                                                                                                                                                                                                                                                                                                                                                                                                                                                                                                                                                                                                                                                                                                                                                                                                                                                                                                                                                                                                                                                                                                                                                                                                                                                                                                                                                                                                                                                                                                                                                                                                                                                                                                                                                                                                                                                                                                                                                                                                                                                                                                                                                                                                                                                                                                                                                                                                                                                                                                                                                                                                                                                                                                                                                                                                                                                                                                                                                                                                                                                                                                                                                                                                                                                                                                                                                                                                                                                                                                                                                                                                                                                                                                                                                                                                                                                                                                                                                                                                                                                                                                                                                                                                                                                                                                                                                                                                                                                                                                                                                                                                                                                                                                                                                                                                                                                                                                                                                                                                                                                                                                                                                                                                                                                                                                                                                                                                                                                                                                                                                                                                                                                                                                                                                                                                                                                                                                                                                                                                                                                                                                                                                                                                                                                                                                                                                                                                                                                                                                                                                                                                                                                                                                                                                                                                                                                                                                                                                                                                                                                                                                                                                                                                                                                                                                                                                                                                                                                                                                                                                                                                                                                                                                                                                                                                                                                                                                                                                                                                                                                                                                                                                                                                                                                                                                                                                                                                                                                                                                                                                                                                                                                                                                                                                                                                                                                                                                                                                                                                                                                                                                                                                                                                                                            [Ktrinity-world has been recreated
trinity-world  | [?2004l[?2004h
trinity-world  | [?2004lHalting process...
[Ktrinity-world exited with code 137
trinity-world  | TrinityCore rev. d41335628098+ 2026-04-13 08:22:43 +0200 (acore-compat branch) (Unix, RelWithDebInfo, Static) (worldserver-daemon)
trinity-world  | <Ctrl-C> to stop.
trinity-world  | 
trinity-world  |  ______                       __
trinity-world  | /\__  _\       __          __/\ \__
trinity-world  | \/_/\ \/ _ __ /\_\    ___ /\_\ \, _\  __  __
trinity-world  |    \ \ \/\`'__\/\ \ /' _ `\/\ \ \ \/ /\ \/\ \
trinity-world  |     \ \ \ \ \/ \ \ \/\ \/\ \ \ \ \ \_\ \ \_\ \
trinity-world  |      \ \_\ \_\  \ \_\ \_\ \_\ \_\ \__\\/`____ \
trinity-world  |       \/_/\/_/   \/_/\/_/\/_/\/_/\/__/ `/___/> \
trinity-world  |                                  C O R E  /\___/
trinity-world  | http://TrinityCore.org                    \/__/
trinity-world  | 
trinity-world  | Using configuration file /trinity/etc/worldserver.conf.
trinity-world  | Using SSL version: OpenSSL 3.0.2 15 Mar 2022 (library: OpenSSL 3.0.2 15 Mar 2022)
trinity-world  | Using Boost version: 1.74.0
trinity-world  | Updating Auth database...
trinity-world  | >> Auth database is up-to-date! Containing 5 new and 71 archived updates.
trinity-world  | Updating Character database...
trinity-world  | >> Character database is up-to-date! Containing 7 new and 68 archived updates.
trinity-world  | Updating World database...
trinity-world  | >> World database is up-to-date! Containing 171 new and 4789 archived updates.
trinity-world  | Updating Hotfixes database...
trinity-world  | >> Hotfixes database is up-to-date! Containing 1 new and 19 archived updates.
trinity-world  | Realm running as realm ID 1 region 2 battlegroup 1
trinity-world  | Using World DB: TDB 434.22011
trinity-world  | Using enUS DBC Locale
trinity-world  | Will clear `logs` table of entries older than 1209600 seconds every 10 minutes.
trinity-world  | Client cache version set to: 22011
trinity-world  | Using DataDir /trinity/data/
trinity-world  | WORLD: MMap data directory is: /trinity/data/mmaps
trinity-world  | VMap support included. LineOfSight: 1, getHeight: 1, indoorCheck: 1
trinity-world  | VMap data directory is: /trinity/data/vmaps
trinity-world  | Loading Trinity strings...
trinity-world  | >> Loaded 991 trinity strings in 37 ms
trinity-world  | Initialize data stores...
trinity-world  | >> Initialized 167 DBC data stores in 3216 ms
trinity-world  | >> Initialized 5 DB2 data stores in 1207 ms
trinity-world  | >> Loading Cinematic Camera files
trinity-world  | >> Loaded 0 cinematic waypoint sets in 34 ms
trinity-world  | Loading IP Location Database...
trinity-world  | Initializing PlayerDump tables...
trinity-world  | >> Initialized tables for PlayerDump in 393 ms.
trinity-world  | Loading SpellInfo store...
trinity-world  | >> Loaded SpellInfo store in 109 ms
trinity-world  | Loading SpellInfo corrections...
trinity-world  | >> Loaded SpellInfo corrections in 14 ms
trinity-world  | Loading SkillLineAbilityMultiMap Data...
trinity-world  | >> Loaded 8384 SkillLineAbility MultiMap Data in 1 ms
trinity-world  | Loading SpellInfo custom attributes...
trinity-world  | >> Loaded 195 spell custom attributes from DB in 14 ms
trinity-world  | >> Loaded SpellInfo custom attributes in 66 ms
trinity-world  | Loading SpellInfo diminishing infos...
trinity-world  | >> Loaded SpellInfo diminishing infos in 17 ms
trinity-world  | Loading SpellInfo immunity infos...
trinity-world  | >> Loaded SpellInfo immunity infos in 17 ms
trinity-world  | Loading GameObject models...
trinity-world  | Loading Script Names...
trinity-world  | >> Loaded 4042 ScriptNames in 2476 ms
trinity-world  | Loading Instance Template...
trinity-world  | >> Loaded 91 instance templates in 1 ms
trinity-world  | Loading instances...
trinity-world  | >> Loaded instances in 44 ms
trinity-world  | Loading character cache store...
trinity-world  | Loaded character infos for 7 characters in 0 ms
trinity-world  | Loading Broadcast texts...
trinity-world  | >> Loaded 73039 broadcast texts in 614 ms
trinity-world  | >> Loaded 73039 broadcast text locales in 3834 ms
trinity-world  | Loading Localization strings...
trinity-world  | >> Loaded 27246 creature locale strings in 654 ms
trinity-world  | >> Loaded 19670 gameobject_template_locale strings in 528 ms
trinity-world  | >> Loaded 14579 Quest locale strings in 1626 ms
trinity-world  | >> Loaded 1946 PageText locale strings in 418 ms
trinity-world  | >> Loaded 453 points_of_interest locale strings in 104 ms
trinity-world  | >> Loaded 0 quest_greeting locales. DB table `quest_greeting_locale` is empty.
trinity-world  | >> Localization strings loaded in 3516 ms
trinity-world  | Loading Account Roles and Permissions...
trinity-world  | >> Loaded 666 permission definitions, 650 linked permissions and 4 default permissions in 269 ms
trinity-world  | Loading Page Texts...
trinity-world  | >> Loaded 1962 page texts in 99 ms
trinity-world  | Loading Game Object Templates...
trinity-world  | >> Loaded 29501 game object templates in 267 ms
trinity-world  | Loading Game Object template addons...
trinity-world  | >> Loaded 29495 game object template addons in 192 ms
trinity-world  | Loading Transport templates...
trinity-world  | >> Loaded 43 transport templates in 29 ms
trinity-world  | Loading Transport animations and rotations...
trinity-world  | Loading Transport spawns...
trinity-world  | >> Spawned 0 continent transports in 1 ms
trinity-world  | Loading Spell Rank Data...
trinity-world  | >> Loaded 174 spell rank records in 116 ms
trinity-world  | Loading Spell Required Data...
trinity-world  | >> Loaded 22 spell required records in 66 ms
trinity-world  | Loading Spell Group types...
trinity-world  | >> Loaded 550 spell group definitions in 139 ms
trinity-world  | Loading Spell Learn Skills...
trinity-world  | >> Loaded 137 Spell Learn Skills from DBC in 4 ms
trinity-world  | Loading SpellInfo SpellSpecific and AuraState...
trinity-world  | >> Loaded SpellInfo SpellSpecific and AuraState in 15 ms
trinity-world  | Loading Spell Learn Spells...
trinity-world  | The spell 17002 listed in `spell_learn_spell` attempts learning talent spell 24867, skipped.
trinity-world  | The spell 24866 listed in `spell_learn_spell` attempts learning talent spell 24864, skipped.
trinity-world  | The spell 33872 listed in `spell_learn_spell` attempts learning talent spell 47179, skipped.
trinity-world  | The spell 33873 listed in `spell_learn_spell` attempts learning talent spell 47180, skipped.
trinity-world  | >> Loaded 24 spell learn spells, 512 found in Spell.dbc and 31 from TalentTab.dbc in 192 ms
trinity-world  | Loading Spell Proc conditions and data...
trinity-world  | >> Loaded 1556 spell proc conditions and data in 901 ms
trinity-world  | Generating spell proc data from SpellMap...
trinity-world  | Spell Id 36488 has SPELL_ATTR3_CAN_PROC_FROM_PROCS attribute and no restriction on what spells can cause it to proc and no cooldown. This spell can cause infinite proc loops. Proc data for this spell was not generated, data in `spell_proc` table is required for it to function!
trinity-world  | Spell Id 39440 has SPELL_ATTR3_CAN_PROC_FROM_PROCS attribute and no restriction on what spells can cause it to proc and no cooldown. This spell can cause infinite proc loops. Proc data for this spell was not generated, data in `spell_proc` table is required for it to function!
trinity-world  | Spell Id 47261 has SPELL_ATTR3_CAN_PROC_FROM_PROCS attribute and no restriction on what spells can cause it to proc and no cooldown. This spell can cause infinite proc loops. Proc data for this spell was not generated, data in `spell_proc` table is required for it to function!
trinity-world  | Spell Id 47262 has SPELL_ATTR3_CAN_PROC_FROM_PROCS attribute and no restriction on what spells can cause it to proc and no cooldown. This spell can cause infinite proc loops. Proc data for this spell was not generated, data in `spell_proc` table is required for it to function!
trinity-world  | Spell Id 67726 has SPELL_ATTR3_CAN_PROC_FROM_PROCS attribute and no restriction on what spells can cause it to proc and no cooldown. This spell can cause infinite proc loops. Proc data for this spell was not generated, data in `spell_proc` table is required for it to function!
trinity-world  | Spell Id 67736 has SPELL_ATTR3_CAN_PROC_FROM_PROCS attribute and no restriction on what spells can cause it to proc and no cooldown. This spell can cause infinite proc loops. Proc data for this spell was not generated, data in `spell_proc` table is required for it to function!
trinity-world  | Spell Id 67740 has SPELL_ATTR3_CAN_PROC_FROM_PROCS attribute and no restriction on what spells can cause it to proc and no cooldown. This spell can cause infinite proc loops. Proc data for this spell was not generated, data in `spell_proc` table is required for it to function!
trinity-world  | Spell Id 67744 has SPELL_ATTR3_CAN_PROC_FROM_PROCS attribute and no restriction on what spells can cause it to proc and no cooldown. This spell can cause infinite proc loops. Proc data for this spell was not generated, data in `spell_proc` table is required for it to function!
trinity-world  | Spell Id 85556 has SPELL_ATTR3_CAN_PROC_FROM_PROCS attribute and no restriction on what spells can cause it to proc and no cooldown. This spell can cause infinite proc loops. Proc data for this spell was not generated, data in `spell_proc` table is required for it to function!
trinity-world  | >> Generated spell proc data for 1620 spells in 5 ms
trinity-world  | Loading Aggro Spells Definitions...
trinity-world  | >> Loaded 44 SpellThreatEntries in 129 ms
trinity-world  | Loading Spell Group Stack Rules...
trinity-world  | >> Loaded 41 spell group stack rules in 1 ms
trinity-world  | >> Parsing SPELL_GROUP_STACK_RULE_EXCLUSIVE_SAME_EFFECT stack rules...
trinity-world  | >> Parsed 23 SPELL_GROUP_STACK_RULE_EXCLUSIVE_SAME_EFFECT stack rules in 0 ms
trinity-world  | Loading NPC Texts...
trinity-world  | >> Loaded 8406 npc texts in 240 ms
trinity-world  | Loading Enchant Spells Proc datas...
trinity-world  | >> Loaded 45 enchant proc data definitions in 41 ms
trinity-world  | Loading Item Random Enchantments Table...
trinity-world  | >> Loaded 29217 Item Enchantment definitions in 117 ms
trinity-world  | Loading Disables
trinity-world  | >> Loaded 5211 disables in 81 ms
trinity-world  | Loading Items...
trinity-world  | >> Loaded 54288 item templates in 33 ms
trinity-world  | Loading Item set names...
trinity-world  | >> Loaded 622 item addon templates in 78 ms
trinity-world  | >> Loaded 14 item script names in 4 ms
trinity-world  | Loading Creature Model Based Info Data...
trinity-world  | >> Loaded 31775 creature model based info in 687 ms
trinity-world  | Loading Creature templates...
trinity-world  | >> Loaded 64867 creature template models in 237 ms
trinity-world  | >> Loaded 46627 creature definitions in 1681 ms
trinity-world  | Loading Equipment templates...
trinity-world  | >> Loaded 16165 equipment templates in 223 ms
trinity-world  | Loading Creature template addons...
trinity-world  | >> Loaded 46612 creature template addons in 267 ms
trinity-world  | Loading Reputation Reward Rates...
trinity-world  | >> Loaded 16 reputation_reward_rate in 67 ms
trinity-world  | Loading Creature Reward OnKill Data...
trinity-world  | >> Loaded 2343 creature award reputation definitions in 186 ms
trinity-world  | Loading Reputation Spillover Data...
trinity-world  | >> Loaded 28 reputation_spillover_template in 123 ms
trinity-world  | Loading Points Of Interest Data...
trinity-world  | >> Loaded 603 Points of Interest definitions in 265 ms
trinity-world  | Loading Database Game Tables...
trinity-world  | >> Loaded 0 npc total health game table entries in 660 ms
trinity-world  | >> Loaded 0 npc damage by class game table entries in 296 ms
trinity-world  | Loading Creature Base Stats...
trinity-world  | >> Loaded 400 creature base stats in 55 ms
trinity-world  | Loading Spawn Group Templates...
trinity-world  | >> Loaded 98 spawn group templates in 73 ms
trinity-world  | Loading Creature Data...
trinity-world  | >> Loaded 221766 creatures in 4786 ms
trinity-world  | Loading Temporary Summon Data...
trinity-world  | >> Loaded 869 temp summons in 316 ms
trinity-world  | Loading pet levelup spells...
trinity-world  | >> Loaded 263 pet levelup and default spells for 50 families in 31 ms
trinity-world  | Loading pet default spells additional to levelup spells...
trinity-world  | >> Loaded addition spells for 0 pet spell data entries in 7 ms
trinity-world  | Loading summonable creature templates...
trinity-world  | >> Loaded 427 summonable creature templates in 10 ms
trinity-world  | Loading Creature Addon Data...
trinity-world  | >> Loaded 51929 creature addons in 452 ms
trinity-world  | Loading Creature Movement Overrides...
trinity-world  | >> Loaded 0 creature movement overrides. DB table `creature_movement_override` is empty!
trinity-world  | Loading Creature Movement Info...
trinity-world  | >> Loaded 270 creature movement info override entries in 104 ms
trinity-world  | Loading Gameobject Data...
trinity-world  | >> Loaded 78914 gameobjects in 4414 ms
trinity-world  | Loading Spawn Group Data...
trinity-world  | >> Loaded 94611 spawn group members in 1570 ms
trinity-world  | Loading instance spawn groups...
trinity-world  | >> Loaded 27 instance spawn groups in 38 ms
trinity-world  | Loading GameObject Addon Data...
trinity-world  | >> Loaded 24493 gameobject addons in 179 ms
trinity-world  | Loading GameObject Quest Items...
trinity-world  | >> Loaded 1352 gameobject quest items in 78 ms
trinity-world  | Loading Creature Quest Items...
trinity-world  | >> Loaded 5361 creature quest items in 367 ms
trinity-world  | Loading Creature Sparring Data...
trinity-world  | >> Loaded 0 creature sparring templates in 118 ms
trinity-world  | Loading Creature Linked Respawn...
trinity-world  | >> Loaded 5239 linked respawns in 153 ms
trinity-world  | Loading Weather Data...
trinity-world  | >> Loaded 36 weather definitions in 29 ms
trinity-world  | Loading Quests...
trinity-world  | >> Loaded 14991 quests definitions in 3954 ms
trinity-world  | Checking Quest Disables
trinity-world  | >> Checked 5124 quest disables in 0 ms
trinity-world  | Loading Quest POI
trinity-world  | >> Loaded 13941 quest POI definitions in 936 ms
trinity-world  | Loading Quest Money Rewards
trinity-world  | >> Loaded 100 quest money reward entries in 65 ms
trinity-world  | Loading Quests Starters and Enders...
trinity-world  | Loading GO Start Quest Data...
trinity-world  | >> Loaded 618 quest relations from gameobject_queststarter in 124 ms
trinity-world  | Loading GO End Quest Data...
trinity-world  | >> Loaded 517 quest relations from gameobject_questender in 138 ms
trinity-world  | Loading Creature Start Quest Data...
trinity-world  | >> Loaded 8725 quest relations from creature_queststarter in 319 ms
trinity-world  | Loading Creature End Quest Data...
trinity-world  | >> Loaded 9136 quest relations from creature_questender in 277 ms
trinity-world  | Loading Quests Greetings...
trinity-world  | >> Loaded 0 quest greetings. DB table `quest_greeting` is empty.
trinity-world  | Loading Objects Pooling Data...
trinity-world  | >> Loaded 1721 objects pools in 170 ms
trinity-world  | Loading Creatures Pooling Data...
trinity-world  | >> Loaded 835 creatures in pools in 1 ms
trinity-world  | Loading Gameobject Pooling Data...
trinity-world  | >> Loaded 7404 gameobject in pools in 9 ms
trinity-world  | Loading Mother Pooling Data...
trinity-world  | >> Loaded 1218 pools in mother pools in 367 ms
trinity-world  | Starting objects pooling system...
trinity-world  | Loading Quest Pooling Data...
trinity-world  | >> Loaded 56 daily, 5 weekly and 0 monthly quest pools in 373 ms
trinity-world  | Loading Game Event Data...
trinity-world  | >> Loaded 156 holiday dates in 195 ms
trinity-world  | >> Loaded 78 game events in 28 ms.
trinity-world  | Loading Game Event Saves Data...
trinity-world  | >> Loaded 0 game event saves in game events. DB table `game_event_save` is empty.
trinity-world  | Loading Game Event Prerequisite Data...
trinity-world  | >> Loaded 0 game event prerequisites in game events. DB table `game_event_prerequisite` is empty.
trinity-world  | Loading Game Event Creature Data...
trinity-world  | >> Loaded 2715 creatures in game events in 7 ms.
trinity-world  | Loading Game Event GO Data...
trinity-world  | >> Loaded 21848 gameobjects in game events in 24 ms.
trinity-world  | Loading Game Event Model/Equipment Change Data...
trinity-world  | >> Loaded 22 model/equipment changes in game events in 179 ms.
trinity-world  | Loading Game Event Quest Data...
trinity-world  | >> Loaded 327 quests additions in game events in 661 ms.
trinity-world  | Loading Game Event GO Quest Data...
trinity-world  | >> Loaded 189 quests additions in game events in 59 ms.
trinity-world  | Loading Game Event Quest Condition Data...
trinity-world  | >> Loaded 0 quest event conditions in game events. DB table `game_event_quest_condition` is empty.
trinity-world  | Loading Game Event Condition Data...
trinity-world  | >> Loaded 0 conditions in game events. DB table `game_event_condition` is empty.
trinity-world  | Loading Game Event Condition Save Data...
trinity-world  | >> Loaded 0 condition saves in game events. DB table `game_event_condition_save` is empty.
trinity-world  | Loading Game Event NPCflag Data...
trinity-world  | >> Loaded 0 npcflags in game events. DB table `game_event_npcflag` is empty.
trinity-world  | Loading Game Event Seasonal Quest Relations...
trinity-world  | >> Loaded 690 quests additions in game events in 31 ms.
trinity-world  | Loading Game Event Vendor Additions Data...
trinity-world  | >> Loaded 2 vendor additions in game events in 45 ms.
trinity-world  | Loading Game Event Battleground Holiday Data...
trinity-world  | >> Loaded 8 battleground holidays in game events in 162 ms.
trinity-world  | Loading Game Event Pool Data...
trinity-world  | >> Loaded 2 pools for game events in 1 ms.
trinity-world  | Loading UNIT_NPC_FLAG_SPELLCLICK Data...
trinity-world  | >> Loaded 699 spellclick definitions in 191 ms
trinity-world  | Loading Vehicle Template Accessories...
trinity-world  | >> Loaded 423 Vehicle Template Accessories in 207 ms
trinity-world  | Loading Vehicle Accessories...
trinity-world  | >> Loaded 0 Vehicle Accessories in 153 ms
trinity-world  | Loading Vehicle Seat Addon Data...
trinity-world  | >> Loaded 15 Vehicle Seat Addon entries in 131 ms
trinity-world  | Loading SpellArea Data...
trinity-world  | >> Loaded 872 spell area requirements in 188 ms
trinity-world  | Loading AreaTrigger definitions...
trinity-world  | >> Loaded 316 area trigger teleport definitions in 192 ms
trinity-world  | Loading Access Requirements...
trinity-world  | >> Loaded 152 access requirement definitions in 345 ms
trinity-world  | Loading Quest Area Triggers...
trinity-world  | >> Loaded 49 quest trigger points in 158 ms
trinity-world  | Loading Tavern Area Triggers...
trinity-world  | >> Loaded 175 tavern triggers in 45 ms
trinity-world  | Loading AreaTrigger script names...
trinity-world  | >> Loaded 229 areatrigger scripts in 1 ms
trinity-world  | Loading LFG entrance positions...
trinity-world  | >> Loaded 67 lfg dungeon templates in 134 ms
trinity-world  | Loading Dungeon boss data...
trinity-world  | >> Loaded 617 instance encounters in 32 ms
trinity-world  | Loading LFG rewards...
trinity-world  | >> Loaded 20 lfg dungeon rewards in 132 ms
trinity-world  | Loading Graveyard-zone links...
trinity-world  | >> Loaded 855 graveyard-zone links in 512 ms
trinity-world  | Loading Graveyard Orientations...
trinity-world  | >> Loaded 1016 graveyard orientations in 231 ms
trinity-world  | Loading spell pet auras...
trinity-world  | >> Loaded 34 spell pet auras in 165 ms
trinity-world  | Loading Spell target coordinates...
trinity-world  | >> Loaded 1438 spell teleport coordinates in 343 ms
trinity-world  | Loading linked spells...
trinity-world  | >> Loaded 413 linked spells in 164 ms
trinity-world  | Loading Player Create Data...
trinity-world  | >> Loaded 91 player create definitions in 90 ms
trinity-world  | Loading Player Create Items Data...
trinity-world  | >> Loaded 1 custom player create items in 94 ms
trinity-world  | Loading Player Create Skill Data...
trinity-world  | >> Loaded player create skills in 1 ms
trinity-world  | Loading Player Create Custom Spell Data...
trinity-world  | >> Loaded 4507 custom player create spells in 34 ms
trinity-world  | Loading Player Create Cast Spell Data...
trinity-world  | >> Loaded 63 player create cast spells in 108 ms
trinity-world  | Loading Player Create Action Data...
trinity-world  | >> Loaded 352 player create actions in 32 ms
trinity-world  | Loading Player Create Level Stats Data...
trinity-world  | >> Loaded 850 level stats definitions in 199 ms
trinity-world  | Loading Player Create XP Data...
trinity-world  | >> Loaded 84 xp for level definitions in 56 ms
trinity-world  | Loading Exploration BaseXP Data...
trinity-world  | >> Loaded 80 BaseXP definitions in 40 ms
trinity-world  | Loading Pet Name Parts...
trinity-world  | >> Loaded 313 pet name parts in 3 ms
trinity-world  | Loading the max pet number...
trinity-world  | >> Loaded the max pet number: 1 in 47 ms
trinity-world  | Loading pet level stats...
trinity-world  | >> Loaded 2720 level pet stats definitions in 106 ms
trinity-world  | Loading Player level dependent mail rewards...
trinity-world  | >> Loaded 24 level dependent mail rewards in 44 ms
trinity-world  | Loading creature loot templates...
trinity-world  | >> Loaded 528193 creature loot templates in 1925 ms
trinity-world  | Loading fishing loot templates...
trinity-world  | >> Loaded 266 fishing loot templates in 121 ms
trinity-world  | Loading gameobject loot templates...
trinity-world  | >> Loaded 19834 gameobject loot templates in 592 ms
trinity-world  | Loading item loot templates...
trinity-world  | >> Loaded 5031 item loot templates in 367 ms
trinity-world  | Loading mail loot templates...
trinity-world  | >> Loaded 90 mail loot templates in 11 ms
trinity-world  | Loading milling loot templates...
trinity-world  | >> Loaded 51 milling loot templates in 11 ms
trinity-world  | Loading pickpocketing loot templates...
trinity-world  | >> Loaded 10981 pickpocketing loot templates in 316 ms
trinity-world  | Loading skinning loot templates...
trinity-world  | >> Loaded 3390 skinning loot templates in 49 ms
trinity-world  | Loading disenchanting loot templates...
trinity-world  | >> Loaded 180 disenchanting loot templates in 3 ms
trinity-world  | Loading prospecting loot templates...
trinity-world  | >> Loaded 43 prospecting loot templates in 46 ms
trinity-world  | Loading spell loot templates...
trinity-world  | >> Loaded 292 spell loot templates in 7 ms
trinity-world  | Loading reference loot templates...
trinity-world  | >> Loaded refence loot templates in 91 ms
trinity-world  | Loading Skill Discovery Table...
trinity-world  | >> Loaded 347 skill discovery definitions in 43 ms.
trinity-world  | Loading Skill Extra Item Table...
trinity-world  | >> Loaded 225 spell specialization definitions in 2 ms
trinity-world  | Loading Skill Perfection Data Table...
trinity-world  | >> Loaded 72 spell perfection definitions in 3 ms.
trinity-world  | Loading Skill Fishing base level requirements...
trinity-world  | >> Loaded 95 areas for fishing base skill level in 2 ms
trinity-world  | Loading Archaeology store...
trinity-world  | >> Loaded 180 archaeology sites in 43 ms
trinity-world  | >> Loaded 180 archaeology site polygons in 72 ms
trinity-world  | >> Loaded 9 archaeology branches in 0 ms
trinity-world  | >> Loaded 139 archaeology projects in 46 ms
trinity-world  | >> Calculated 9 archaeology branch chances in 0 ms
trinity-world  | Loading Achievements...
trinity-world  | >> Loaded 47 achievement references in 2 ms.
trinity-world  | Loading Achievement Criteria Lists...
trinity-world  | >> Loaded 9803 achievement criteria and 952 guild achievement crieteria in 23 ms.
trinity-world  | Loading Achievement Criteria Data...
trinity-world  | >> Loaded 1291 additional achievement criteria data in 2 ms
trinity-world  | Loading Achievement Rewards...
trinity-world  | >> Loaded 120 achievement rewards in 49 ms.
trinity-world  | Loading Achievement Reward Locales...
trinity-world  | >> Loaded 0 achievement reward locale strings.  DB table `achievement_reward_locale` is empty.
trinity-world  | Loading Completed Achievements...
trinity-world  | >> Loaded 77 realm first completed achievements in 3 ms.
trinity-world  | Loading Item Auctions...
trinity-world  | >> Loaded 0 auction items. DB table `auctionhouse` or `item_instance` is empty!
trinity-world  | Loading Auctions...
trinity-world  | >> Loaded 0 auctions. DB table `auctionhouse` is empty.
trinity-world  | Loading Guild XP for level...
trinity-world  | >> Loaded 24 xp for guild level definitions in 2 ms
trinity-world  | Loading Guild rewards...
trinity-world  | >> Loaded 42 guild reward definitions in 2 ms
trinity-world  | Initializing Guild Profession Data Store...
trinity-world  | Loading Guild Challenges...
trinity-world  | >> Loaded 4 guild challenge definitions in 2 ms
trinity-world  | Loading Guilds...
trinity-world  | Loading guilds definitions...
trinity-world  | >> Loaded 0 guild definitions. DB table `guild` is empty.
trinity-world  | Loading guild finder guild-related settings...
trinity-world  | >> Loaded 0 guild finder guild-related settings. Table `guild_finder_guild_settings` is empty.
trinity-world  | Loading guild finder membership requests...
trinity-world  | >> Loaded 0 guild finder membership requests. Table `guild_finder_applicant` is empty.
trinity-world  | Loading ArenaTeams...
trinity-world  | >> Loaded 0 arena teams. DB table `arena_team` is empty!
trinity-world  | Loading Groups...
trinity-world  | >> Loaded 0 group definitions. DB table `groups` is empty!
trinity-world  | Loading ReservedNames...
trinity-world  | >> Loaded 0 reserved player names. DB table `reserved_name` is empty!
trinity-world  | Loading GameObjects for quests...
trinity-world  | >> Loaded 2750 GameObjects for quests in 8 ms
trinity-world  | Loading BattleMasters...
trinity-world  | >> Loaded 171 battlemaster entries in 25 ms
trinity-world  | Loading GameTeleports...
trinity-world  | >> Loaded 1531 GameTeleports in 153 ms
trinity-world  | Loading Trainers...
trinity-world  | >> Loaded 88 Trainers in 284 ms
trinity-world  | Loading Gossip menu...
trinity-world  | >> Loaded 8225 gossip_menu IDs in 47 ms
trinity-world  | Loading Gossip menu options...
trinity-world  | >> Loaded 5851 gossip_menu_option entries in 122 ms
trinity-world  | Loading Creature trainers...
trinity-world  | >> Loaded 1187 default trainers in 41 ms
trinity-world  | Loading Vendors...
trinity-world  | >> Loaded 45703 Vendors in 464 ms
trinity-world  | Loading Waypoints...
trinity-world  | >> Loaded 110626 waypoints in 492 ms
trinity-world  | Loading Waypoint Addons...
trinity-world  | >> Loaded 639 waypoint addon data in 78 ms
trinity-world  | Loading SmartAI Waypoints...
trinity-world  | >> Loaded 586 SmartAI waypoint paths (total 7064 waypoints) in 31 ms
trinity-world  | Loading Creature Formations...
trinity-world  | >> Loaded 2517 creatures in formations in 185 ms
trinity-world  | Loading World State templates...
trinity-world  | Table `world_state` contains a world state 3490 with invalid MapID (2118), map ignored
trinity-world  | Table `world_state` contains a world state 3490 with invalid AreaID (10176), area ignored
trinity-world  | Table `world_state` contains a world state 3491 with invalid MapID (2118), map ignored
trinity-world  | Table `world_state` contains a world state 3491 with invalid AreaID (10176), area ignored
trinity-world  | Table `world_state` contains a world state 3600 with invalid MapID (1134), map ignored
trinity-world  | Table `world_state` contains a world state 3600 with invalid MapID (1504), map ignored
trinity-world  | Table `world_state` contains a world state 3600 with invalid MapID (1505), map ignored
trinity-world  | Table `world_state` contains a world state 3600 with invalid MapID (1552), map ignored
trinity-world  | Table `world_state` contains a world state 3600 with invalid MapID (1672), map ignored
trinity-world  | Table `world_state` contains a world state 3600 with invalid MapID (1825), map ignored
trinity-world  | Table `world_state` contains a world state 3600 with invalid MapID (1911), map ignored
trinity-world  | Table `world_state` contains a world state 3600 with invalid MapID (2167), map ignored
trinity-world  | Table `world_state` contains a world state 3600 with invalid MapID (2373), map ignored
trinity-world  | Table `world_state` contains a world state 3600 with invalid MapID (2509), map ignored
trinity-world  | Table `world_state` contains a world state 3600 with invalid MapID (2511), map ignored
trinity-world  | Table `world_state` contains a world state 3600 with invalid MapID (2547), map ignored
trinity-world  | Table `world_state` contains a world state 3601 with invalid MapID (1134), map ignored
trinity-world  | Table `world_state` contains a world state 3601 with invalid MapID (1504), map ignored
trinity-world  | Table `world_state` contains a world state 3601 with invalid MapID (1505), map ignored
trinity-world  | Table `world_state` contains a world state 3601 with invalid MapID (1552), map ignored
trinity-world  | Table `world_state` contains a world state 3601 with invalid MapID (1672), map ignored
trinity-world  | Table `world_state` contains a world state 3601 with invalid MapID (1825), map ignored
trinity-world  | Table `world_state` contains a world state 3601 with invalid MapID (1911), map ignored
trinity-world  | Table `world_state` contains a world state 3601 with invalid MapID (2167), map ignored
trinity-world  | Table `world_state` contains a world state 3601 with invalid MapID (2373), map ignored
trinity-world  | Table `world_state` contains a world state 3601 with invalid MapID (2509), map ignored
trinity-world  | Table `world_state` contains a world state 3601 with invalid MapID (2511), map ignored
trinity-world  | Table `world_state` contains a world state 3601 with invalid MapID (2547), map ignored
trinity-world  | Table `world_state` contains a world state 3610 with invalid MapID (1134), map ignored
trinity-world  | Table `world_state` contains a world state 3610 with invalid MapID (1504), map ignored
trinity-world  | Table `world_state` contains a world state 3610 with invalid MapID (1505), map ignored
trinity-world  | Table `world_state` contains a world state 3610 with invalid MapID (1552), map ignored
trinity-world  | Table `world_state` contains a world state 3610 with invalid MapID (1672), map ignored
trinity-world  | Table `world_state` contains a world state 3610 with invalid MapID (1825), map ignored
trinity-world  | Table `world_state` contains a world state 3610 with invalid MapID (1911), map ignored
trinity-world  | Table `world_state` contains a world state 3610 with invalid MapID (2167), map ignored
trinity-world  | Table `world_state` contains a world state 3610 with invalid MapID (2373), map ignored
trinity-world  | Table `world_state` contains a world state 3610 with invalid MapID (2509), map ignored
trinity-world  | Table `world_state` contains a world state 3610 with invalid MapID (2511), map ignored
trinity-world  | Table `world_state` contains a world state 3610 with invalid MapID (2547), map ignored
trinity-world  | Table `world_state` contains a world state 3680 with invalid MapID (2118), map ignored
trinity-world  | Table `world_state` contains a world state 3680 with invalid AreaID (10176), area ignored
trinity-world  | Table `world_state` contains a world state 3681 with invalid MapID (2118), map ignored
trinity-world  | Table `world_state` contains a world state 3681 with invalid AreaID (10176), area ignored
trinity-world  | Table `world_state` contains a world state 3698 with invalid MapID (2118), map ignored
trinity-world  | Table `world_state` contains a world state 3698 with invalid AreaID (10176), area ignored
trinity-world  | Table `world_state` contains a world state 3699 with invalid MapID (2118), map ignored
trinity-world  | Table `world_state` contains a world state 3699 with invalid AreaID (10176), area ignored
trinity-world  | Table `world_state` contains a world state 3700 with invalid MapID (2118), map ignored
trinity-world  | Table `world_state` contains a world state 3700 with invalid AreaID (10176), area ignored
trinity-world  | Table `world_state` contains a world state 3701 with invalid MapID (2118), map ignored
trinity-world  | Table `world_state` contains a world state 3701 with invalid AreaID (10176), area ignored
trinity-world  | Table `world_state` contains a world state 3702 with invalid MapID (2118), map ignored
trinity-world  | Table `world_state` contains a world state 3702 with invalid AreaID (10176), area ignored
trinity-world  | Table `world_state` contains a world state 3703 with invalid MapID (2118), map ignored
trinity-world  | Table `world_state` contains a world state 3703 with invalid AreaID (10176), area ignored
trinity-world  | Table `world_state` contains a world state 3704 with invalid MapID (2118), map ignored
trinity-world  | Table `world_state` contains a world state 3704 with invalid AreaID (10176), area ignored
trinity-world  | Table `world_state` contains a world state 3705 with invalid MapID (2118), map ignored
trinity-world  | Table `world_state` contains a world state 3705 with invalid AreaID (10176), area ignored
trinity-world  | Table `world_state` contains a world state 3706 with invalid MapID (2118), map ignored
trinity-world  | Table `world_state` contains a world state 3706 with invalid AreaID (10176), area ignored
trinity-world  | Table `world_state` contains a world state 3710 with invalid MapID (2118), map ignored
trinity-world  | Table `world_state` contains a world state 3710 with invalid AreaID (10176), area ignored
trinity-world  | Table `world_state` contains a world state 3711 with invalid MapID (2118), map ignored
trinity-world  | Table `world_state` contains a world state 3711 with invalid AreaID (10176), area ignored
trinity-world  | Table `world_state` contains a world state 3712 with invalid MapID (2118), map ignored
trinity-world  | Table `world_state` contains a world state 3712 with invalid AreaID (10176), area ignored
trinity-world  | Table `world_state` contains a world state 3713 with invalid MapID (2118), map ignored
trinity-world  | Table `world_state` contains a world state 3713 with invalid AreaID (10176), area ignored
trinity-world  | Table `world_state` contains a world state 3714 with invalid MapID (2118), map ignored
trinity-world  | Table `world_state` contains a world state 3714 with invalid AreaID (10176), area ignored
trinity-world  | Table `world_state` contains a world state 3749 with invalid MapID (2118), map ignored
trinity-world  | Table `world_state` contains a world state 3749 with invalid AreaID (10176), area ignored
trinity-world  | Table `world_state` contains a world state 3750 with invalid MapID (2118), map ignored
trinity-world  | Table `world_state` contains a world state 3750 with invalid AreaID (10176), area ignored
trinity-world  | Table `world_state` contains a world state 3751 with invalid MapID (2118), map ignored
trinity-world  | Table `world_state` contains a world state 3751 with invalid AreaID (10176), area ignored
trinity-world  | Table `world_state` contains a world state 3752 with invalid MapID (2118), map ignored
trinity-world  | Table `world_state` contains a world state 3752 with invalid AreaID (10176), area ignored
trinity-world  | Table `world_state` contains a world state 3753 with invalid MapID (2118), map ignored
trinity-world  | Table `world_state` contains a world state 3753 with invalid AreaID (10176), area ignored
trinity-world  | Table `world_state` contains a world state 3754 with invalid MapID (2118), map ignored
trinity-world  | Table `world_state` contains a world state 3754 with invalid AreaID (10176), area ignored
trinity-world  | Table `world_state` contains a world state 3755 with invalid MapID (2118), map ignored
trinity-world  | Table `world_state` contains a world state 3755 with invalid AreaID (10176), area ignored
trinity-world  | Table `world_state` contains a world state 3756 with invalid MapID (2118), map ignored
trinity-world  | Table `world_state` contains a world state 3756 with invalid AreaID (10176), area ignored
trinity-world  | Table `world_state` contains a world state 3757 with invalid MapID (2118), map ignored
trinity-world  | Table `world_state` contains a world state 3757 with invalid AreaID (10176), area ignored
trinity-world  | Table `world_state` contains a world state 3758 with invalid MapID (2118), map ignored
trinity-world  | Table `world_state` contains a world state 3758 with invalid AreaID (10176), area ignored
trinity-world  | Table `world_state` contains a world state 3759 with invalid MapID (2118), map ignored
trinity-world  | Table `world_state` contains a world state 3759 with invalid AreaID (10176), area ignored
trinity-world  | Table `world_state` contains a world state 3760 with invalid MapID (2118), map ignored
trinity-world  | Table `world_state` contains a world state 3760 with invalid AreaID (10176), area ignored
trinity-world  | Table `world_state` contains a world state 3761 with invalid MapID (2118), map ignored
trinity-world  | Table `world_state` contains a world state 3761 with invalid AreaID (10176), area ignored
trinity-world  | Table `world_state` contains a world state 3762 with invalid MapID (2118), map ignored
trinity-world  | Table `world_state` contains a world state 3762 with invalid AreaID (10176), area ignored
trinity-world  | Table `world_state` contains a world state 3763 with invalid MapID (2118), map ignored
trinity-world  | Table `world_state` contains a world state 3763 with invalid AreaID (10176), area ignored
trinity-world  | Table `world_state` contains a world state 3764 with invalid MapID (2118), map ignored
trinity-world  | Table `world_state` contains a world state 3764 with invalid AreaID (10176), area ignored
trinity-world  | Table `world_state` contains a world state 3765 with invalid MapID (2118), map ignored
trinity-world  | Table `world_state` contains a world state 3765 with invalid AreaID (10176), area ignored
trinity-world  | Table `world_state` contains a world state 3766 with invalid MapID (2118), map ignored
trinity-world  | Table `world_state` contains a world state 3766 with invalid AreaID (10176), area ignored
trinity-world  | Table `world_state` contains a world state 3767 with invalid MapID (2118), map ignored
trinity-world  | Table `world_state` contains a world state 3767 with invalid AreaID (10176), area ignored
trinity-world  | Table `world_state` contains a world state 3768 with invalid MapID (2118), map ignored
trinity-world  | Table `world_state` contains a world state 3768 with invalid AreaID (10176), area ignored
trinity-world  | Table `world_state` contains a world state 3769 with invalid MapID (2118), map ignored
trinity-world  | Table `world_state` contains a world state 3769 with invalid AreaID (10176), area ignored
trinity-world  | Table `world_state` contains a world state 3770 with invalid MapID (2118), map ignored
trinity-world  | Table `world_state` contains a world state 3770 with invalid AreaID (10176), area ignored
trinity-world  | Table `world_state` contains a world state 3771 with invalid MapID (2118), map ignored
trinity-world  | Table `world_state` contains a world state 3771 with invalid AreaID (10176), area ignored
trinity-world  | Table `world_state` contains a world state 3772 with invalid MapID (2118), map ignored
trinity-world  | Table `world_state` contains a world state 3772 with invalid AreaID (10176), area ignored
trinity-world  | Table `world_state` contains a world state 3773 with invalid MapID (2118), map ignored
trinity-world  | Table `world_state` contains a world state 3773 with invalid AreaID (10176), area ignored
trinity-world  | Table `world_state` contains a world state 3781 with invalid MapID (2118), map ignored
trinity-world  | Table `world_state` contains a world state 3781 with invalid AreaID (10176), area ignored
trinity-world  | Table `world_state` contains a world state 3801 with invalid MapID (2118), map ignored
trinity-world  | Table `world_state` contains a world state 3801 with invalid AreaID (10176), area ignored
trinity-world  | Table `world_state` contains a world state 3802 with invalid MapID (2118), map ignored
trinity-world  | Table `world_state` contains a world state 3802 with invalid AreaID (10176), area ignored
trinity-world  | Table `world_state` contains a world state 3803 with invalid MapID (2118), map ignored
trinity-world  | Table `world_state` contains a world state 3803 with invalid AreaID (10176), area ignored
trinity-world  | Table `world_state` contains a world state 3815 with invalid MapID (1544), map ignored
trinity-world  | Table `world_state` contains a world state 3816 with invalid MapID (1544), map ignored
trinity-world  | Table `world_state` contains a world state 4022 with invalid MapID (2118), map ignored
trinity-world  | Table `world_state` contains a world state 4022 with invalid AreaID (10176), area ignored
trinity-world  | Table `world_state` contains a world state 4023 with invalid MapID (2118), map ignored
trinity-world  | Table `world_state` contains a world state 4023 with invalid AreaID (10176), area ignored
trinity-world  | Table `world_state` contains a world state 4024 with invalid MapID (2118), map ignored
trinity-world  | Table `world_state` contains a world state 4024 with invalid AreaID (10176), area ignored
trinity-world  | Table `world_state` contains a world state 4025 with invalid MapID (2118), map ignored
trinity-world  | Table `world_state` contains a world state 4025 with invalid AreaID (10176), area ignored
trinity-world  | Table `world_state` contains a world state 4354 with invalid MapID (2118), map ignored
trinity-world  | Table `world_state` contains a world state 4354 with invalid AreaID (10176), area ignored
trinity-world  | >> Loaded 526 world state templates 8 ms
trinity-world  | >> Loaded 0 saved world state values 44 ms
trinity-world  | Loading Persistend World Variables...
trinity-world  | >> Loaded 9 world variables in 1 ms
trinity-world  | Loading Terrain World Map definitions...
trinity-world  | >> Loaded 4 terrain world maps in 38 ms.
trinity-world  | Loading Terrain Swap Default definitions...
trinity-world  | >> Loaded 4 terrain swap defaults in 27 ms.
trinity-world  | Loading Phase Area definitions...
trinity-world  | >> Loaded 25 phase areas in 48 ms.
trinity-world  | Loading Conditions...
trinity-world  | [Condition SourceType: 15 (Gossip Menu Option), SourceGroup: 10974, SourceEntry: 1] GossipMenuId 10974 Item 1 not found.
trinity-world  | [Condition SourceType: 15 (Gossip Menu Option), SourceGroup: 10974, SourceEntry: 1] Not handled grouped condition.
trinity-world  | [Condition SourceType: 15 (Gossip Menu Option), SourceGroup: 10974, SourceEntry: 1] GossipMenuId 10974 Item 1 not found.
trinity-world  | [Condition SourceType: 15 (Gossip Menu Option), SourceGroup: 10974, SourceEntry: 1] Not handled grouped condition.
trinity-world  | [Condition SourceType: 15 (Gossip Menu Option), SourceGroup: 10974, SourceEntry: 1] GossipMenuId 10974 Item 1 not found.
trinity-world  | [Condition SourceType: 15 (Gossip Menu Option), SourceGroup: 10974, SourceEntry: 1] Not handled grouped condition.
trinity-world  | [Condition SourceType: 15 (Gossip Menu Option), SourceGroup: 10974, SourceEntry: 1] GossipMenuId 10974 Item 1 not found.
trinity-world  | [Condition SourceType: 15 (Gossip Menu Option), SourceGroup: 10974, SourceEntry: 1] Not handled grouped condition.
trinity-world  | [Condition SourceType: 15 (Gossip Menu Option), SourceGroup: 10974, SourceEntry: 1] GossipMenuId 10974 Item 1 not found.
trinity-world  | [Condition SourceType: 15 (Gossip Menu Option), SourceGroup: 10974, SourceEntry: 1] Not handled grouped condition.
trinity-world  | [Condition SourceType: 15 (Gossip Menu Option), SourceGroup: 10974, SourceEntry: 1] GossipMenuId 10974 Item 1 not found.
trinity-world  | [Condition SourceType: 15 (Gossip Menu Option), SourceGroup: 10974, SourceEntry: 1] Not handled grouped condition.
trinity-world  | [Condition SourceType: 15 (Gossip Menu Option), SourceGroup: 10974, SourceEntry: 1] GossipMenuId 10974 Item 1 not found.
trinity-world  | [Condition SourceType: 15 (Gossip Menu Option), SourceGroup: 10974, SourceEntry: 1] Not handled grouped condition.
trinity-world  | [Condition SourceType: 15 (Gossip Menu Option), SourceGroup: 10974, SourceEntry: 1] GossipMenuId 10974 Item 1 not found.
trinity-world  | [Condition SourceType: 15 (Gossip Menu Option), SourceGroup: 10974, SourceEntry: 1] Not handled grouped condition.
trinity-world  | [Condition SourceType: 15 (Gossip Menu Option), SourceGroup: 10974, SourceEntry: 1] GossipMenuId 10974 Item 1 not found.
trinity-world  | [Condition SourceType: 15 (Gossip Menu Option), SourceGroup: 10974, SourceEntry: 1] Not handled grouped condition.
trinity-world  | [Condition SourceType: 15 (Gossip Menu Option), SourceGroup: 10974, SourceEntry: 1] GossipMenuId 10974 Item 1 not found.
trinity-world  | [Condition SourceType: 15 (Gossip Menu Option), SourceGroup: 10974, SourceEntry: 1] Not handled grouped condition.
trinity-world  | [Condition SourceType: 15 (Gossip Menu Option), SourceGroup: 10974, SourceEntry: 1] GossipMenuId 10974 Item 1 not found.
trinity-world  | [Condition SourceType: 15 (Gossip Menu Option), SourceGroup: 10974, SourceEntry: 1] Not handled grouped condition.
trinity-world  | [Condition SourceType: 15 (Gossip Menu Option), SourceGroup: 10974, SourceEntry: 1] GossipMenuId 10974 Item 1 not found.
trinity-world  | [Condition SourceType: 15 (Gossip Menu Option), SourceGroup: 10974, SourceEntry: 1] Not handled grouped condition.
trinity-world  | [Condition SourceType: 15 (Gossip Menu Option), SourceGroup: 10974, SourceEntry: 1] GossipMenuId 10974 Item 1 not found.
trinity-world  | [Condition SourceType: 15 (Gossip Menu Option), SourceGroup: 10974, SourceEntry: 1] Not handled grouped condition.
trinity-world  | [Condition SourceType: 15 (Gossip Menu Option), SourceGroup: 10974, SourceEntry: 1] GossipMenuId 10974 Item 1 not found.
trinity-world  | [Condition SourceType: 15 (Gossip Menu Option), SourceGroup: 10974, SourceEntry: 1] Not handled grouped condition.
trinity-world  | [Condition SourceType: 15 (Gossip Menu Option), SourceGroup: 10974, SourceEntry: 1] GossipMenuId 10974 Item 1 not found.
trinity-world  | [Condition SourceType: 15 (Gossip Menu Option), SourceGroup: 10974, SourceEntry: 1] Not handled grouped condition.
trinity-world  | [Condition SourceType: 15 (Gossip Menu Option), SourceGroup: 10974, SourceEntry: 1] GossipMenuId 10974 Item 1 not found.
trinity-world  | [Condition SourceType: 15 (Gossip Menu Option), SourceGroup: 10974, SourceEntry: 1] Not handled grouped condition.
trinity-world  | >> Loaded 15895 conditions in 44 ms
trinity-world  | Loading faction change achievement pairs...
trinity-world  | >> Loaded 124 faction change achievement pairs in 2 ms
trinity-world  | Loading faction change spell pairs...
trinity-world  | >> Loaded 113 faction change spell pairs in 2 ms
trinity-world  | Loading faction change quest pairs...
trinity-world  | >> Loaded 250 faction change quest pairs in 2 ms
trinity-world  | Loading faction change item pairs...
trinity-world  | >> Loaded 752 faction change item pairs in 4 ms
trinity-world  | Loading faction change reputation pairs...
trinity-world  | >> Loaded 17 faction change reputation pairs in 2 ms
trinity-world  | Loading faction change title pairs...
trinity-world  | >> Loaded 22 faction change title pairs in 3 ms
trinity-world  | Loading GM tickets...
trinity-world  | >> Loaded 0 GM tickets. DB table `gm_ticket` is empty!
trinity-world  | Loading GM surveys...
trinity-world  | >> Loaded GM Survey count from database in 39 ms
trinity-world  | Loading client addons...
trinity-world  | >> Loaded 35 known addons in 45 ms
trinity-world  | Returning old mails...
trinity-world  | >> No expired mails found.
trinity-world  | Loading Autobroadcasts...
trinity-world  | >> Loaded 0 autobroadcasts definitions. DB table `autobroadcast` is empty for this realm!
trinity-world  | Loading spell_scripts...
trinity-world  | >> Loaded 143 script definitions in 40 ms
trinity-world  | Loading event_scripts...
trinity-world  | >> Loaded 461 script definitions in 156 ms
trinity-world  | Loading waypoint_scripts...
trinity-world  | >> Loaded 422 script definitions in 82 ms
trinity-world  | Loading spell script names...
trinity-world  | >> Loaded 3282 spell script names in 4 ms
trinity-world  | Loading Creature Texts...
trinity-world  | >> Loaded 16775 creature texts for 3993 creatures in 297 ms
trinity-world  | Loading Creature Text Locales...
trinity-world  | Loading creature StaticFlags overrides...
trinity-world  | >> Loaded 133 creature static flag overrides in 64 ms
trinity-world  | Loading Taxi node level definitions...
trinity-world  | >> Loaded 274 taxi node level definitions in 59 ms
trinity-world  | Initializing Scripts...
trinity-world  | Loading Script Waypoints for 54 creature(s)...
trinity-world  | >> Loaded 1377 Script Waypoint nodes in 91 ms
trinity-world  | >> Loaded spline chain data for 85 chains, consisting of 272 splines with 1414 waypoints in 80 ms
trinity-world  | Loading C++ scripts
trinity-world  | Script named 'world_map_set_faction_worldstates_609' does not have a script name assigned in database.
trinity-world  | ScriptName 'npc_darkspear_jailor' exists in database, but no core script found!
trinity-world  | >> Loaded 4085 C++ scripts in 229 ms
trinity-world  | Validating spell scripts...
trinity-world  | Spell `85123` Effect `Index: EFFECT_0 Target: 7` of script `spell_siege_cannon` did not match dbc effect data - handler bound to hook `OnObjectAreaTargetSelect` of SpellScript won't be executed
trinity-world  | >> Validated 3472 scripts in 32 ms
trinity-world  | Loading SmartAI scripts...
trinity-world  | >> Loaded SmartAIMgr Helpers in 13 ms
trinity-world  | >> Loaded 13505 SmartAI scripts in 434 ms
trinity-world  | Loading Calendar data...
trinity-world  | >> Loaded 0 calendar events in 52 ms
trinity-world  | >> Loaded 0 calendar invites in 1 ms
trinity-world  | Loading Petitions...
trinity-world  | >> Loaded 0 petitions.
trinity-world  | Loading Signatures...
trinity-world  | >> Loaded 0 Petition signs!
trinity-world  | Loading Summon Properties parameter data...
trinity-world  | >> Loaded 78 summon properties parameters in 46 ms
trinity-world  | Loading Item loot...
trinity-world  | >> Loaded 0 stored item loots
trinity-world  | >> Loaded 0 stored item money
trinity-world  | Initialize query data...
trinity-world  | >> Initialized query cache data in 3146 ms
trinity-world  | Initialize commands...
trinity-world  | Initialize game time and timers
trinity-world  | Mail timer set to: 180, mail return is called every 1440 minutes
trinity-world  | Starting Map System
trinity-world  | Starting Game Event system...
trinity-world  | Initialize AuctionHouseBot...
trinity-world  | Initializing Opcodes...
trinity-world  | Starting Arena Season...
trinity-world  | Starting Battleground System
trinity-world  | >> Loaded 15 battlegrounds in 2 ms
trinity-world  | Starting Outdoor PvP System
trinity-world  | >> Loaded 5 outdoor PvP definitions in 0 ms
trinity-world  | Starting Battlefield System
trinity-world  | >> Loaded 2 battlefields in 0 ms
trinity-world  | Loading Warden Checks...
trinity-world  | Loading Warden Action Overrides...
trinity-world  | Deleting expired bans...
trinity-world  | Initializing quest reset times...
trinity-world  | Calculate random battleground reset time...
trinity-world  | Calculate guild limitation(s) reset time...
trinity-world  | Calculate next currency reset time...
trinity-world  | World initialized in 1 minutes 1 seconds
trinity-world  | TC>[?2004hTC>TrinityCore rev. d41335628098+ 2026-04-13 08:22:43 +0200 (acore-compat branch) (Unix, RelWithDebInfo, Static) (worldserver-daemon) ready...
